day,image,pull_count
2021-12-08,marquezproject/marquez,419817
2021-12-08,marquezproject/marquez-web,172760
2021-12-07,marquezproject/marquez,419756
2021-12-07,marquezproject/marquez-web,172710
2021-12-06,marquezproject/marquez,419686
2021-12-06,marquezproject/marquez-web,172657
2021-12-05,marquezproject/marquez,419641
2021-12-05,marquezproject/marquez-web,172607
2021-12-04,marquezproject/marquez,419609
2021-12-04,marquezproject/marquez-web,172580
2021-12-03,marquezproject/marquez,419569
2021-12-03,marquezproject/marquez-web,172555
2021-12-02,marquezproject/marquez,419521
2021-12-02,marquezproject/marquez-web,172507
2021-12-01,marquezproject/marquez,419470
2021-12-01,marquezproject/marquez-web,172455
2021-11-30,marquezproject/marquez,419414
2021-11-30,marquezproject/marquez-web,172414
2021-11-29,marquezproject/marquez,419343
2021-11-29,marquezproject/marquez-web,172367
2021-11-28,marquezproject/marquez,419299
2021-11-28,marquezproject/marquez-web,172330
2021-11-27,marquezproject/marquez,419265
2021-11-27,marquezproject/marquez-web,172299
2021-11-26,marquezproject/marquez,419239
2021-11-26,marquezproject/marquez-web,172276
2021-11-25,marquezproject/marquez,419202
2021-11-25,marquezproject/marquez-web,172242
2021-11-24,marquezproject/marquez,419144
2021-11-24,marquezproject/marquez-web,172204
2021-11-23,marquezproject/marquez,419062
2021-11-23,marquezproject/marquez-web,172146
2021-11-22,marquezproject/marquez,418985
2021-11-22,marquezproject/marquez-web,172078
2021-11-21,marquezproject/marquez,418945
2021-11-21,marquezproject/marquez-web,172036
2021-11-20,marquezproject/marquez,418910
2021-11-20,marquezproject/marquez-web,172011
2021-11-19,marquezproject/marquez,418872
2021-11-19,marquezproject/marquez-web,171979
2021-11-18,marquezproject/marquez,418821
2021-11-18,marquezproject/marquez-web,171936
2021-11-17,marquezproject/marquez,418780
2021-11-17,marquezproject/marquez-web,171900
2021-11-16,marquezproject/marquez,418703
2021-11-16,marquezproject/marquez-web,171843
2021-11-15,marquezproject/marquez,418636
2021-11-15,marquezproject/marquez-web,171792
2021-11-14,marquezproject/marquez,418464
2021-11-14,marquezproject/marquez-web,171732
2021-11-13,marquezproject/marquez,418431
2021-11-13,marquezproject/marquez-web,171700
2021-11-12,marquezproject/marquez,418397
2021-11-12,marquezproject/marquez-web,171666
2021-11-11,marquezproject/marquez,418336
2021-11-11,marquezproject/marquez-web,171622
2021-11-10,marquezproject/marquez,418269
2021-11-10,marquezproject/marquez-web,171574
2021-11-09,marquezproject/marquez,418195
2021-11-09,marquezproject/marquez-web,171519
2021-11-08,marquezproject/marquez,418104
2021-11-08,marquezproject/marquez-web,171454
2021-11-07,marquezproject/marquez,418034
2021-11-07,marquezproject/marquez-web,171407
2021-11-06,marquezproject/marquez,417993
2021-11-06,marquezproject/marquez-web,171380
2021-11-05,marquezproject/marquez,417945
2021-11-05,marquezproject/marquez-web,171344
2021-11-04,marquezproject/marquez,417834
2021-11-04,marquezproject/marquez-web,171288
2021-11-03,marquezproject/marquez,417763
2021-11-03,marquezproject/marquez-web,171235
2021-11-02,marquezproject/marquez,417703
2021-11-02,marquezproject/marquez-web,171186
2021-11-01,marquezproject/marquez,417638
2021-11-01,marquezproject/marquez-web,171101
2021-10-31,marquezproject/marquez,417573
2021-10-31,marquezproject/marquez-web,171049
2021-10-30,marquezproject/marquez,417388
2021-10-30,marquezproject/marquez-web,170985
2021-10-29,marquezproject/marquez,417334
2021-10-29,marquezproject/marquez-web,170939
2021-10-28,marquezproject/marquez,417261
2021-10-28,marquezproject/marquez-web,170885
2021-10-27,marquezproject/marquez,417179
2021-10-27,marquezproject/marquez-web,170823
2021-10-26,marquezproject/marquez,417104
2021-10-26,marquezproject/marquez-web,170766
2021-10-25,marquezproject/marquez,417040
2021-10-25,marquezproject/marquez-web,170701
2021-10-24,marquezproject/marquez,416969
2021-10-24,marquezproject/marquez-web,170646
2021-10-23,marquezproject/marquez,416929
2021-10-23,marquezproject/marquez-web,170610
2021-10-22,marquezproject/marquez,416884
2021-10-22,marquezproject/marquez-web,170563
2021-10-21,marquezproject/marquez,416814
2021-10-21,marquezproject/marquez-web,170507
2021-10-20,marquezproject/marquez,416757
2021-10-20,marquezproject/marquez-web,170453
2021-10-19,marquezproject/marquez,416705
2021-10-19,marquezproject/marquez-web,170407
2021-10-18,marquezproject/marquez,416648
2021-10-18,marquezproject/marquez-web,170360
2021-10-17,marquezproject/marquez,416609
2021-10-17,marquezproject/marquez-web,170334
2021-10-16,marquezproject/marquez,416580
2021-10-16,marquezproject/marquez-web,170311
2021-10-15,marquezproject/marquez,416552
2021-10-15,marquezproject/marquez-web,170289
2021-10-14,marquezproject/marquez,416500
2021-10-14,marquezproject/marquez-web,170239
2021-10-13,marquezproject/marquez,416276
2021-10-13,marquezproject/marquez-web,170204
2021-10-12,marquezproject/marquez,415929
2021-10-12,marquezproject/marquez-web,170155
2021-10-11,marquezproject/marquez,415607
2021-10-11,marquezproject/marquez-web,170119
2021-10-10,marquezproject/marquez,415282
2021-10-10,marquezproject/marquez-web,170075
2021-10-09,marquezproject/marquez,414963
2021-10-09,marquezproject/marquez-web,170041
2021-10-08,marquezproject/marquez,414631
2021-10-08,marquezproject/marquez-web,170005
2021-10-07,marquezproject/marquez,414373
2021-10-07,marquezproject/marquez-web,169971
2021-10-06,marquezproject/marquez,413950
2021-10-06,marquezproject/marquez-web,169905
2021-10-05,marquezproject/marquez,413624
2021-10-05,marquezproject/marquez-web,169868
2021-10-04,marquezproject/marquez,413284
2021-10-04,marquezproject/marquez-web,169822
2021-10-03,marquezproject/marquez,412958
2021-10-03,marquezproject/marquez-web,169787
2021-10-02,marquezproject/marquez,412632
2021-10-02,marquezproject/marquez-web,169754
2021-10-01,marquezproject/marquez,412309
2021-10-01,marquezproject/marquez-web,169720
2021-09-30,marquezproject/marquez,411971
2021-09-30,marquezproject/marquez-web,169672
2021-09-29,marquezproject/marquez,411635
2021-09-29,marquezproject/marquez-web,169630
2021-09-28,marquezproject/marquez,411304
2021-09-28,marquezproject/marquez-web,169582
2021-09-27,marquezproject/marquez,410955
2021-09-27,marquezproject/marquez-web,169525
2021-09-26,marquezproject/marquez,410624
2021-09-26,marquezproject/marquez-web,169479
2021-09-25,marquezproject/marquez,410301
2021-09-25,marquezproject/marquez-web,169442
2021-09-24,marquezproject/marquez,409974
2021-09-24,marquezproject/marquez-web,169407
2021-09-23,marquezproject/marquez,409602
2021-09-23,marquezproject/marquez-web,169324
2021-09-22,marquezproject/marquez,409248
2021-09-22,marquezproject/marquez-web,169255
2021-09-21,marquezproject/marquez,408915
2021-09-21,marquezproject/marquez-web,169211
2021-09-20,marquezproject/marquez,408574
2021-09-20,marquezproject/marquez-web,169165
2021-09-19,marquezproject/marquez,408242
2021-09-19,marquezproject/marquez-web,169122
2021-09-18,marquezproject/marquez,407918
2021-09-18,marquezproject/marquez-web,169080
2021-09-17,marquezproject/marquez,407594
2021-09-17,marquezproject/marquez-web,169041
2021-09-16,marquezproject/marquez,407253
2021-09-16,marquezproject/marquez-web,168992
2021-09-15,marquezproject/marquez,406916
2021-09-15,marquezproject/marquez-web,168946
2021-09-14,marquezproject/marquez,406560
2021-09-14,marquezproject/marquez-web,168894
2021-09-13,marquezproject/marquez,406299
2021-09-13,marquezproject/marquez-web,168849
2021-09-11,marquezproject/marquez,405289
2021-09-11,marquezproject/marquez-web,168698
2021-09-10,marquezproject/marquez,405281
2021-09-10,marquezproject/marquez-web,168698
2021-09-08,marquezproject/marquez,404539
2021-09-08,marquezproject/marquez-web,168599
2021-09-07,marquezproject/marquez,404168
2021-09-07,marquezproject/marquez-web,168533
2021-09-06,marquezproject/marquez,403845
2021-09-06,marquezproject/marquez-web,168488
2021-09-05,marquezproject/marquez,403575
2021-09-05,marquezproject/marquez-web,168451
2021-09-04,marquezproject/marquez,403039
2021-09-04,marquezproject/marquez-web,168397
2021-09-03,marquezproject/marquez,402732
2021-09-03,marquezproject/marquez-web,168366
2021-09-02,marquezproject/marquez,402384
2021-09-02,marquezproject/marquez-web,168320
2021-09-01,marquezproject/marquez,402062
2021-09-01,marquezproject/marquez-web,168275
2021-08-31,marquezproject/marquez,401731
2021-08-31,marquezproject/marquez-web,168222
2021-08-30,marquezproject/marquez,401414
2021-08-30,marquezproject/marquez-web,168185
2021-08-29,marquezproject/marquez,401105
2021-08-29,marquezproject/marquez-web,168166
2021-08-28,marquezproject/marquez,400792
2021-08-28,marquezproject/marquez-web,168137
2021-08-27,marquezproject/marquez,400462
2021-08-27,marquezproject/marquez-web,168109
2021-08-26,marquezproject/marquez,400135
2021-08-26,marquezproject/marquez-web,168063
2021-08-25,marquezproject/marquez,399803
2021-08-25,marquezproject/marquez-web,168011
2021-08-24,marquezproject/marquez,399478
2021-08-24,marquezproject/marquez-web,167973
2021-08-23,marquezproject/marquez,399130
2021-08-23,marquezproject/marquez-web,167924
2021-08-22,marquezproject/marquez,398825
2021-08-22,marquezproject/marquez-web,167909
2021-08-21,marquezproject/marquez,398508
2021-08-21,marquezproject/marquez-web,167887
2021-08-20,marquezproject/marquez,398170
2021-08-20,marquezproject/marquez-web,167843
2021-08-19,marquezproject/marquez,397791
2021-08-19,marquezproject/marquez-web,167772
2021-08-18,marquezproject/marquez,397428
2021-08-18,marquezproject/marquez-web,167701
2021-08-17,marquezproject/marquez,397101
2021-08-17,marquezproject/marquez-web,167659
2021-08-16,marquezproject/marquez,396783
2021-08-16,marquezproject/marquez-web,167625
2021-08-15,marquezproject/marquez,396466
2021-08-15,marquezproject/marquez-web,167593
2021-08-14,marquezproject/marquez,396152
2021-08-14,marquezproject/marquez-web,167567
2021-08-13,marquezproject/marquez,395840
2021-08-13,marquezproject/marquez-web,167538
2021-08-12,marquezproject/marquez,395518
2021-08-12,marquezproject/marquez-web,167503
2021-08-11,marquezproject/marquez,395198
2021-08-11,marquezproject/marquez-web,167469
2021-08-10,marquezproject/marquez,394877
2021-08-10,marquezproject/marquez-web,167443
2021-08-09,marquezproject/marquez,394565
2021-08-09,marquezproject/marquez-web,167413
2021-08-08,marquezproject/marquez,394260
2021-08-08,marquezproject/marquez-web,167392
2021-08-07,marquezproject/marquez,393951
2021-08-07,marquezproject/marquez-web,167364
2021-08-06,marquezproject/marquez,393617
2021-08-06,marquezproject/marquez-web,167320
2021-08-05,marquezproject/marquez,393265
2021-08-05,marquezproject/marquez-web,167256
2021-08-04,marquezproject/marquez,392903
2021-08-04,marquezproject/marquez-web,167214
2021-08-03,marquezproject/marquez,392561
2021-08-03,marquezproject/marquez-web,167186
2021-08-02,marquezproject/marquez,392225
2021-08-02,marquezproject/marquez-web,167148
2021-08-01,marquezproject/marquez,391915
2021-08-01,marquezproject/marquez-web,167120
2021-07-31,marquezproject/marquez,391586
2021-07-31,marquezproject/marquez-web,167087
2021-07-30,marquezproject/marquez,391234
2021-07-30,marquezproject/marquez-web,167056
2021-07-29,marquezproject/marquez,390868
2021-07-29,marquezproject/marquez-web,167005
2021-07-28,marquezproject/marquez,390538
2021-07-28,marquezproject/marquez-web,166967
2021-07-27,marquezproject/marquez,390205
2021-07-27,marquezproject/marquez-web,166934
2021-07-26,marquezproject/marquez,389887
2021-07-26,marquezproject/marquez-web,166901
2021-07-25,marquezproject/marquez,389566
2021-07-25,marquezproject/marquez-web,166870
2021-07-24,marquezproject/marquez,389261
2021-07-24,marquezproject/marquez-web,166849
2021-07-23,marquezproject/marquez,388939
2021-07-23,marquezproject/marquez-web,166814
2021-07-22,marquezproject/marquez,388609
2021-07-22,marquezproject/marquez-web,166769
2021-07-21,marquezproject/marquez,388284
2021-07-21,marquezproject/marquez-web,166729
2021-07-20,marquezproject/marquez,387965
2021-07-20,marquezproject/marquez-web,166694
2021-07-19,marquezproject/marquez,387648
2021-07-19,marquezproject/marquez-web,166662
2021-07-18,marquezproject/marquez,387332
2021-07-18,marquezproject/marquez-web,166639
2021-07-17,marquezproject/marquez,387027
2021-07-17,marquezproject/marquez-web,166616
2021-07-16,marquezproject/marquez,386693
2021-07-16,marquezproject/marquez-web,166577
2021-07-15,marquezproject/marquez,386383
2021-07-15,marquezproject/marquez-web,166552
2021-07-14,marquezproject/marquez,386044
2021-07-14,marquezproject/marquez-web,166506
2021-07-13,marquezproject/marquez,385701
2021-07-13,marquezproject/marquez-web,166453
2021-07-12,marquezproject/marquez,385324
2021-07-12,marquezproject/marquez-web,166385
2021-07-11,marquezproject/marquez,385007
2021-07-11,marquezproject/marquez-web,166358
2021-07-10,marquezproject/marquez,384701
2021-07-10,marquezproject/marquez-web,166336
2021-07-09,marquezproject/marquez,384378
2021-07-09,marquezproject/marquez-web,166303
2021-07-08,marquezproject/marquez,384049
2021-07-08,marquezproject/marquez-web,166265
2021-07-07,marquezproject/marquez,383739
2021-07-07,marquezproject/marquez-web,166243
2021-07-06,marquezproject/marquez,383425
2021-07-06,marquezproject/marquez-web,166213
2021-07-05,marquezproject/marquez,383044
2021-07-05,marquezproject/marquez-web,166146
2021-07-04,marquezproject/marquez,382741
2021-07-04,marquezproject/marquez-web,166124
2021-07-03,marquezproject/marquez,382434
2021-07-03,marquezproject/marquez-web,166102
2021-07-02,marquezproject/marquez,382104
2021-07-02,marquezproject/marquez-web,166056
2021-07-01,marquezproject/marquez,381750
2021-07-01,marquezproject/marquez-web,165998
2021-06-30,marquezproject/marquez,381240
2021-06-30,marquezproject/marquez-web,165962
2021-06-29,marquezproject/marquez,380908
2021-06-29,marquezproject/marquez-web,165932
2021-06-28,marquezproject/marquez,380534
2021-06-28,marquezproject/marquez-web,165869
2021-06-27,marquezproject/marquez,380218
2021-06-27,marquezproject/marquez-web,165851
2021-06-26,marquezproject/marquez,379903
2021-06-26,marquezproject/marquez-web,165824
2021-06-25,marquezproject/marquez,379555
2021-06-25,marquezproject/marquez-web,165778
2021-06-24,marquezproject/marquez,379246
2021-06-24,marquezproject/marquez-web,165752
2021-06-23,marquezproject/marquez,378903
2021-06-23,marquezproject/marquez-web,165709
2021-06-22,marquezproject/marquez,378509
2021-06-22,marquezproject/marquez-web,165678
2021-06-21,marquezproject/marquez,378149
2021-06-21,marquezproject/marquez-web,165641
2021-06-20,marquezproject/marquez,377794
2021-06-20,marquezproject/marquez-web,165597
2021-06-19,marquezproject/marquez,377414
2021-06-19,marquezproject/marquez-web,165548
2021-06-18,marquezproject/marquez,376769
2021-06-18,marquezproject/marquez-web,165370
2021-06-17,marquezproject/marquez,376410
2021-06-17,marquezproject/marquez-web,165304
2021-06-16,marquezproject/marquez,376038
2021-06-16,marquezproject/marquez-web,165228
2021-06-15,marquezproject/marquez,305790
2021-06-15,marquezproject/marquez-web,95245
2021-06-14,marquezproject/marquez,201281
2021-06-14,marquezproject/marquez-web,5799
2021-06-13,marquezproject/marquez,200974
2021-06-13,marquezproject/marquez-web,5759
2021-06-12,marquezproject/marquez,200663
2021-06-12,marquezproject/marquez-web,5724
2021-06-11,marquezproject/marquez,200248
2021-06-11,marquezproject/marquez-web,5631
2021-06-10,marquezproject/marquez,199900
2021-06-10,marquezproject/marquez-web,5581
2021-06-09,marquezproject/marquez,199528
2021-06-09,marquezproject/marquez-web,5525
2021-06-08,marquezproject/marquez,199160
2021-06-08,marquezproject/marquez-web,5451
2021-06-07,marquezproject/marquez,198832
2021-06-07,marquezproject/marquez-web,5383
2021-06-06,marquezproject/marquez,198535
2021-06-06,marquezproject/marquez-web,5354
2021-06-05,marquezproject/marquez,198225
2021-06-05,marquezproject/marquez-web,5315
2021-06-04,marquezproject/marquez,197849
2021-06-04,marquezproject/marquez-web,5251
2021-06-03,marquezproject/marquez,197536
2021-06-03,marquezproject/marquez-web,5219
2021-06-02,marquezproject/marquez,197200
2021-06-02,marquezproject/marquez-web,5190
2021-06-01,marquezproject/marquez,196887
2021-06-01,marquezproject/marquez-web,5164
2021-05-31,marquezproject/marquez,196577
2021-05-31,marquezproject/marquez-web,5128
2021-05-30,marquezproject/marquez,196270
2021-05-30,marquezproject/marquez-web,5101
2021-05-29,marquezproject/marquez,195966
2021-05-29,marquezproject/marquez-web,5076
2021-05-28,marquezproject/marquez,195604
2021-05-28,marquezproject/marquez-web,5029
2021-05-27,marquezproject/marquez,195259
2021-05-27,marquezproject/marquez-web,4966
2021-05-26,marquezproject/marquez,194927
2021-05-26,marquezproject/marquez-web,4924
2021-05-25,marquezproject/marquez,194562
2021-05-25,marquezproject/marquez-web,4851
2021-05-24,marquezproject/marquez,194229
2021-05-24,marquezproject/marquez-web,4773
2021-05-23,marquezproject/marquez,193907
2021-05-23,marquezproject/marquez-web,4733
2021-05-22,marquezproject/marquez,193542
2021-05-22,marquezproject/marquez-web,4696
2021-05-21,marquezproject/marquez,193173
2021-05-21,marquezproject/marquez-web,4625
2021-05-20,marquezproject/marquez,192844
2021-05-20,marquezproject/marquez-web,4577
2021-05-19,marquezproject/marquez,192525
2021-05-19,marquezproject/marquez-web,4518
2021-05-18,marquezproject/marquez,192211
2021-05-18,marquezproject/marquez-web,4459
2021-05-17,marquezproject/marquez,191902
2021-05-17,marquezproject/marquez-web,4412
2021-05-16,marquezproject/marquez,191605
2021-05-16,marquezproject/marquez-web,4379
2021-05-15,marquezproject/marquez,191306
2021-05-15,marquezproject/marquez-web,4350
2021-05-14,marquezproject/marquez,190944
2021-05-14,marquezproject/marquez-web,4295
2021-05-13,marquezproject/marquez,190629
2021-05-13,marquezproject/marquez-web,4242
2021-05-12,marquezproject/marquez,190313
2021-05-12,marquezproject/marquez-web,4202
2021-05-11,marquezproject/marquez,189987
2021-05-11,marquezproject/marquez-web,4167
2021-05-10,marquezproject/marquez,189633
2021-05-10,marquezproject/marquez-web,4106
2021-05-09,marquezproject/marquez,189330
2021-05-09,marquezproject/marquez-web,4088
2021-05-08,marquezproject/marquez,189024
2021-05-08,marquezproject/marquez-web,4060
2021-05-07,marquezproject/marquez,188634
2021-05-07,marquezproject/marquez-web,4008
2021-05-06,marquezproject/marquez,188281
2021-05-06,marquezproject/marquez-web,3956
2021-05-05,marquezproject/marquez,187943
2021-05-05,marquezproject/marquez-web,3909
2021-05-04,marquezproject/marquez,187626
2021-05-04,marquezproject/marquez-web,3883
2021-05-03,marquezproject/marquez,187327
2021-05-03,marquezproject/marquez-web,3865
2021-05-02,marquezproject/marquez,187028
2021-05-02,marquezproject/marquez-web,3847
2021-05-01,marquezproject/marquez,186724
2021-05-01,marquezproject/marquez-web,3826
2021-04-30,marquezproject/marquez,186342
2021-04-30,marquezproject/marquez-web,3789
2021-04-29,marquezproject/marquez,186018
2021-04-29,marquezproject/marquez-web,3759
2021-04-28,marquezproject/marquez,185704
2021-04-28,marquezproject/marquez-web,3741
2021-04-27,marquezproject/marquez,185395
2021-04-27,marquezproject/marquez-web,3718
2021-04-26,marquezproject/marquez,185071
2021-04-26,marquezproject/marquez-web,3677
2021-04-25,marquezproject/marquez,184767
2021-04-25,marquezproject/marquez-web,3661
2021-04-24,marquezproject/marquez,184469
2021-04-24,marquezproject/marquez-web,3645
2021-04-23,marquezproject/marquez,184106
2021-04-23,marquezproject/marquez-web,3614
2021-04-22,marquezproject/marquez,183784
2021-04-22,marquezproject/marquez-web,3592
2021-04-21,marquezproject/marquez,183468
2021-04-21,marquezproject/marquez-web,3569
2021-04-20,marquezproject/marquez,183117
2021-04-20,marquezproject/marquez-web,3525
2021-04-19,marquezproject/marquez,182764
2021-04-19,marquezproject/marquez-web,3470
2021-04-18,marquezproject/marquez,182455
2021-04-18,marquezproject/marquez-web,3457
2021-04-17,marquezproject/marquez,182149
2021-04-17,marquezproject/marquez-web,3439
2021-04-16,marquezproject/marquez,181744
2021-04-16,marquezproject/marquez-web,3366
2021-04-15,marquezproject/marquez,181393
2021-04-15,marquezproject/marquez-web,3307
2021-04-14,marquezproject/marquez,180991
2021-04-14,marquezproject/marquez-web,3235
2021-04-13,marquezproject/marquez,180650
2021-04-13,marquezproject/marquez-web,3185
2021-04-12,marquezproject/marquez,180338
2021-04-12,marquezproject/marquez-web,3160
2021-04-11,marquezproject/marquez,180041
2021-04-11,marquezproject/marquez-web,3142
2021-04-10,marquezproject/marquez,179745
2021-04-10,marquezproject/marquez-web,3123
2021-04-09,marquezproject/marquez,179385
2021-04-09,marquezproject/marquez-web,3090
2021-04-08,marquezproject/marquez,179065
2021-04-08,marquezproject/marquez-web,3062
2021-04-07,marquezproject/marquez,178757
2021-04-07,marquezproject/marquez-web,3038
2021-04-06,marquezproject/marquez,178436
2021-04-06,marquezproject/marquez-web,3007
2021-04-05,marquezproject/marquez,178114
2021-04-05,marquezproject/marquez-web,2961
2021-04-04,marquezproject/marquez,177816
2021-04-04,marquezproject/marquez-web,2938
2021-04-03,marquezproject/marquez,177520
2021-04-03,marquezproject/marquez-web,2920