day,project,stars
2020-10-25,OpenLineage/openlineage,0
2020-10-26,OpenLineage/openlineage,1
2020-10-27,OpenLineage/openlineage,1
2020-10-28,OpenLineage/openlineage,1
2020-10-29,OpenLineage/openlineage,1
2020-10-30,OpenLineage/openlineage,1
2020-10-31,OpenLineage/openlineage,1
2020-11-01,OpenLineage/openlineage,1
2020-11-02,OpenLineage/openlineage,1
2020-11-03,OpenLineage/openlineage,2
2020-11-04,OpenLineage/openlineage,2
2020-11-05,OpenLineage/openlineage,2
2020-11-06,OpenLineage/openlineage,2
2020-11-07,OpenLineage/openlineage,2
2020-11-08,OpenLineage/openlineage,3
2020-11-09,OpenLineage/openlineage,3
2020-11-10,OpenLineage/openlineage,3
2020-11-11,OpenLineage/openlineage,3
2020-11-12,OpenLineage/openlineage,3
2020-11-13,OpenLineage/openlineage,3
2020-11-14,OpenLineage/openlineage,3
2020-11-15,OpenLineage/openlineage,3
2020-11-16,OpenLineage/openlineage,3
2020-11-17,OpenLineage/openlineage,3
2020-11-18,OpenLineage/openlineage,3
2020-11-19,OpenLineage/openlineage,3
2020-11-20,OpenLineage/openlineage,3
2020-11-21,OpenLineage/openlineage,3
2020-11-22,OpenLineage/openlineage,3
2020-11-23,OpenLineage/openlineage,3
2020-11-24,OpenLineage/openlineage,3
2020-11-25,OpenLineage/openlineage,3
2020-11-26,OpenLineage/openlineage,3
2020-11-27,OpenLineage/openlineage,3
2020-11-28,OpenLineage/openlineage,3
2020-11-29,OpenLineage/openlineage,3
2020-11-30,OpenLineage/openlineage,3
2020-12-01,OpenLineage/openlineage,3
2020-12-02,OpenLineage/openlineage,3
2020-12-03,OpenLineage/openlineage,5
2020-12-04,OpenLineage/openlineage,5
2020-12-05,OpenLineage/openlineage,6
2020-12-06,OpenLineage/openlineage,6
2020-12-07,OpenLineage/openlineage,6
2020-12-08,OpenLineage/openlineage,6
2020-12-09,OpenLineage/openlineage,6
2020-12-10,OpenLineage/openlineage,7
2020-12-11,OpenLineage/openlineage,10
2020-12-12,OpenLineage/openlineage,10
2020-12-13,OpenLineage/openlineage,10
2020-12-14,OpenLineage/openlineage,12
2020-12-15,OpenLineage/openlineage,15
2020-12-16,OpenLineage/openlineage,17
2020-12-17,OpenLineage/openlineage,19
2020-12-18,OpenLineage/openlineage,32
2020-12-19,OpenLineage/openlineage,46
2020-12-20,OpenLineage/openlineage,54
2020-12-21,OpenLineage/openlineage,67
2020-12-22,OpenLineage/openlineage,69
2020-12-23,OpenLineage/openlineage,72
2020-12-24,OpenLineage/openlineage,73
2020-12-25,OpenLineage/openlineage,77
2020-12-26,OpenLineage/openlineage,78
2020-12-27,OpenLineage/openlineage,83
2020-12-28,OpenLineage/openlineage,87
2020-12-29,OpenLineage/openlineage,89
2020-12-30,OpenLineage/openlineage,92
2020-12-31,OpenLineage/openlineage,94
2021-01-01,OpenLineage/openlineage,94
2021-01-02,OpenLineage/openlineage,95
2021-01-03,OpenLineage/openlineage,95
2021-01-04,OpenLineage/openlineage,104
2021-01-05,OpenLineage/openlineage,105
2021-01-06,OpenLineage/openlineage,110
2021-01-07,OpenLineage/openlineage,115
2021-01-08,OpenLineage/openlineage,116
2021-01-09,OpenLineage/openlineage,117
2021-01-10,OpenLineage/openlineage,119
2021-01-11,OpenLineage/openlineage,119
2021-01-12,OpenLineage/openlineage,120
2021-01-13,OpenLineage/openlineage,122
2021-01-14,OpenLineage/openlineage,125
2021-01-15,OpenLineage/openlineage,128
2021-01-16,OpenLineage/openlineage,128
2021-01-17,OpenLineage/openlineage,129
2021-01-18,OpenLineage/openlineage,130
2021-01-19,OpenLineage/openlineage,134
2021-01-20,OpenLineage/openlineage,137
2021-01-21,OpenLineage/openlineage,138
2021-01-22,OpenLineage/openlineage,140
2021-01-23,OpenLineage/openlineage,142
2021-01-24,OpenLineage/openlineage,142
2021-01-25,OpenLineage/openlineage,144
2021-01-26,OpenLineage/openlineage,146
2021-01-27,OpenLineage/openlineage,149
2021-01-28,OpenLineage/openlineage,151
2021-01-29,OpenLineage/openlineage,154
2021-01-30,OpenLineage/openlineage,154
2021-01-31,OpenLineage/openlineage,154
2021-02-01,OpenLineage/openlineage,157
2021-02-02,OpenLineage/openlineage,161
2021-02-03,OpenLineage/openlineage,162
2021-02-04,OpenLineage/openlineage,162
2021-02-05,OpenLineage/openlineage,162
2021-02-06,OpenLineage/openlineage,162
2021-02-07,OpenLineage/openlineage,162
2021-02-08,OpenLineage/openlineage,163
2021-02-09,OpenLineage/openlineage,165
2021-02-10,OpenLineage/openlineage,168
2021-02-11,OpenLineage/openlineage,168
2021-02-12,OpenLineage/openlineage,169
2021-02-13,OpenLineage/openlineage,169
2021-02-14,OpenLineage/openlineage,169
2021-02-15,OpenLineage/openlineage,170
2021-02-16,OpenLineage/openlineage,171
2021-02-17,OpenLineage/openlineage,172
2021-02-18,OpenLineage/openlineage,175
2021-02-19,OpenLineage/openlineage,176
2021-02-20,OpenLineage/openlineage,176
2021-02-21,OpenLineage/openlineage,177
2021-02-22,OpenLineage/openlineage,178
2021-02-23,OpenLineage/openlineage,178
2021-02-24,OpenLineage/openlineage,178
2021-02-25,OpenLineage/openlineage,179
2021-02-26,OpenLineage/openlineage,181
2021-02-27,OpenLineage/openlineage,181
2021-02-28,OpenLineage/openlineage,181
2021-03-01,OpenLineage/openlineage,183
2021-03-02,OpenLineage/openlineage,183
2021-03-03,OpenLineage/openlineage,184
2021-03-04,OpenLineage/openlineage,184
2021-03-05,OpenLineage/openlineage,184
2021-03-06,OpenLineage/openlineage,184
2021-03-07,OpenLineage/openlineage,185
2021-03-08,OpenLineage/openlineage,186
2021-03-09,OpenLineage/openlineage,187
2021-03-10,OpenLineage/openlineage,187
2021-03-11,OpenLineage/openlineage,188
2021-03-12,OpenLineage/openlineage,188
2021-03-13,OpenLineage/openlineage,188
2021-03-14,OpenLineage/openlineage,188
2021-03-15,OpenLineage/openlineage,188
2021-03-16,OpenLineage/openlineage,188
2021-03-17,OpenLineage/openlineage,189
2021-03-18,OpenLineage/openlineage,189
2021-03-19,OpenLineage/openlineage,190
2021-03-20,OpenLineage/openlineage,190
2021-03-21,OpenLineage/openlineage,192
2021-03-22,OpenLineage/openlineage,193
2021-03-23,OpenLineage/openlineage,194
2021-03-24,OpenLineage/openlineage,194
2021-03-25,OpenLineage/openlineage,197
2021-03-26,OpenLineage/openlineage,197
2021-03-27,OpenLineage/openlineage,197
2021-03-28,OpenLineage/openlineage,199
2021-03-29,OpenLineage/openlineage,200
2021-03-30,OpenLineage/openlineage,200
2021-03-31,OpenLineage/openlineage,200
2021-04-01,OpenLineage/openlineage,201
2021-04-02,OpenLineage/openlineage,202
2021-04-03,OpenLineage/openlineage,202
2021-04-04,OpenLineage/openlineage,202
2021-04-05,OpenLineage/openlineage,202
2021-04-06,OpenLineage/openlineage,202
2021-04-07,OpenLineage/openlineage,203
2021-04-08,OpenLineage/openlineage,204
2021-04-09,OpenLineage/openlineage,206
2021-04-10,OpenLineage/openlineage,206
2021-04-11,OpenLineage/openlineage,206
2021-04-12,OpenLineage/openlineage,206
2021-04-13,OpenLineage/openlineage,207
2021-04-14,OpenLineage/openlineage,207
2021-04-15,OpenLineage/openlineage,210
2021-04-16,OpenLineage/openlineage,210
2021-04-17,OpenLineage/openlineage,210
2021-04-18,OpenLineage/openlineage,211
2021-04-19,OpenLineage/openlineage,212
2021-04-20,OpenLineage/openlineage,213
2021-04-21,OpenLineage/openlineage,213
2021-04-22,OpenLineage/openlineage,216
2021-04-23,OpenLineage/openlineage,217
2021-04-24,OpenLineage/openlineage,217
2021-04-25,OpenLineage/openlineage,218
2021-04-26,OpenLineage/openlineage,219
2021-04-27,OpenLineage/openlineage,221
2021-04-28,OpenLineage/openlineage,221
2021-04-29,OpenLineage/openlineage,222
2021-04-30,OpenLineage/openlineage,223
2021-05-01,OpenLineage/openlineage,225
2021-05-02,OpenLineage/openlineage,225
2021-05-03,OpenLineage/openlineage,227
2021-05-04,OpenLineage/openlineage,229
2021-05-05,OpenLineage/openlineage,233
2021-05-06,OpenLineage/openlineage,235
2021-05-07,OpenLineage/openlineage,235
2021-05-08,OpenLineage/openlineage,235
2021-05-09,OpenLineage/openlineage,236
2021-05-10,OpenLineage/openlineage,236
2021-05-11,OpenLineage/openlineage,239
2021-05-12,OpenLineage/openlineage,241
2021-05-13,OpenLineage/openlineage,241
2021-05-14,OpenLineage/openlineage,244
2021-05-15,OpenLineage/openlineage,245
2021-05-16,OpenLineage/openlineage,245
2021-05-17,OpenLineage/openlineage,246
2021-05-18,OpenLineage/openlineage,253
2021-05-19,OpenLineage/openlineage,255
2021-05-20,OpenLineage/openlineage,258
2021-05-21,OpenLineage/openlineage,260
2021-05-22,OpenLineage/openlineage,261
2021-05-23,OpenLineage/openlineage,265
2021-05-24,OpenLineage/openlineage,266
2021-05-25,OpenLineage/openlineage,269
2021-05-26,OpenLineage/openlineage,274
2021-05-27,OpenLineage/openlineage,277
2021-05-28,OpenLineage/openlineage,279
2021-05-29,OpenLineage/openlineage,282
2021-05-30,OpenLineage/openlineage,282
2021-05-31,OpenLineage/openlineage,287
2021-06-01,OpenLineage/openlineage,288
2021-06-02,OpenLineage/openlineage,291
2021-06-03,OpenLineage/openlineage,296
2021-06-04,OpenLineage/openlineage,297
2021-06-05,OpenLineage/openlineage,297
2021-06-06,OpenLineage/openlineage,298
2021-06-07,OpenLineage/openlineage,301
2021-06-08,OpenLineage/openlineage,301
2021-06-09,OpenLineage/openlineage,305
2021-06-10,OpenLineage/openlineage,306
2021-06-11,OpenLineage/openlineage,306
2021-06-12,OpenLineage/openlineage,306
2021-06-13,OpenLineage/openlineage,306
2021-06-14,OpenLineage/openlineage,306
2021-06-15,OpenLineage/openlineage,309
2021-06-16,OpenLineage/openlineage,312
2021-06-17,OpenLineage/openlineage,312
2021-06-18,OpenLineage/openlineage,315
2021-06-19,OpenLineage/openlineage,318
2021-06-20,OpenLineage/openlineage,321
2021-06-21,OpenLineage/openlineage,323
2021-06-22,OpenLineage/openlineage,325
2021-06-23,OpenLineage/openlineage,329
2021-06-24,OpenLineage/openlineage,330
2021-06-25,OpenLineage/openlineage,333
2021-06-26,OpenLineage/openlineage,333
2021-06-27,OpenLineage/openlineage,333
2021-06-28,OpenLineage/openlineage,333
2021-06-29,OpenLineage/openlineage,333
2021-06-30,OpenLineage/openlineage,334
2021-07-01,OpenLineage/openlineage,336
2021-07-02,OpenLineage/openlineage,337
2021-07-03,OpenLineage/openlineage,339
2021-07-04,OpenLineage/openlineage,339
2021-07-05,OpenLineage/openlineage,339
2021-07-06,OpenLineage/openlineage,340
2021-07-07,OpenLineage/openlineage,341
2021-07-08,OpenLineage/openlineage,344
2021-07-09,OpenLineage/openlineage,344
2021-07-10,OpenLineage/openlineage,345
2021-07-11,OpenLineage/openlineage,346
2021-07-12,OpenLineage/openlineage,347
2021-07-13,OpenLineage/openlineage,348
2021-07-14,OpenLineage/openlineage,350
2021-07-15,OpenLineage/openlineage,350
2021-07-16,OpenLineage/openlineage,353
2021-07-17,OpenLineage/openlineage,353
2021-07-18,OpenLineage/openlineage,353
2021-07-19,OpenLineage/openlineage,355
2021-07-20,OpenLineage/openlineage,359
2021-07-21,OpenLineage/openlineage,360
2021-07-22,OpenLineage/openlineage,363
2021-07-23,OpenLineage/openlineage,365
2021-07-24,OpenLineage/openlineage,367
2021-07-25,OpenLineage/openlineage,368
2021-07-26,OpenLineage/openlineage,378
2021-07-27,OpenLineage/openlineage,380
2021-07-28,OpenLineage/openlineage,382
2021-07-29,OpenLineage/openlineage,385
2021-07-30,OpenLineage/openlineage,386
2021-07-31,OpenLineage/openlineage,386
2021-08-01,OpenLineage/openlineage,388
2021-08-02,OpenLineage/openlineage,389
2021-08-03,OpenLineage/openlineage,393
2021-08-04,OpenLineage/openlineage,393
2021-08-05,OpenLineage/openlineage,395
2021-08-06,OpenLineage/openlineage,397
2021-08-07,OpenLineage/openlineage,398
2021-08-08,OpenLineage/openlineage,398
2021-08-09,OpenLineage/openlineage,398
2021-08-10,OpenLineage/openlineage,398
2021-08-11,OpenLineage/openlineage,401
2021-08-12,OpenLineage/openlineage,403
2021-08-13,OpenLineage/openlineage,407
2021-08-14,OpenLineage/openlineage,410
2021-08-15,OpenLineage/openlineage,414
2021-08-16,OpenLineage/openlineage,418
2021-08-17,OpenLineage/openlineage,425
2021-08-18,OpenLineage/openlineage,427
2021-08-19,OpenLineage/openlineage,431
2021-08-20,OpenLineage/openlineage,433
2021-08-21,OpenLineage/openlineage,433
2021-08-22,OpenLineage/openlineage,433
2021-08-23,OpenLineage/openlineage,436
2021-08-24,OpenLineage/openlineage,436
2021-08-25,OpenLineage/openlineage,437
2021-08-26,OpenLineage/openlineage,438
2021-08-27,OpenLineage/openlineage,442
2021-08-28,OpenLineage/openlineage,442
2021-08-29,OpenLineage/openlineage,443
2021-08-30,OpenLineage/openlineage,443
2021-08-31,OpenLineage/openlineage,447
2021-09-01,OpenLineage/openlineage,447
2021-09-02,OpenLineage/openlineage,449
2021-09-03,OpenLineage/openlineage,452
2021-09-04,OpenLineage/openlineage,456
2021-09-05,OpenLineage/openlineage,459
2021-09-16,MarquezProject/marquez,771
2021-09-22,MarquezProject/marquez,780
2021-09-27,MarquezProject/marquez,784
2021-09-28,MarquezProject/marquez,786
2021-09-29,MarquezProject/marquez,788
2021-10-01,MarquezProject/marquez,791
2021-10-12,MarquezProject/marquez,801
2021-10-12,MarquezProject/marquez,802
2021-10-14,MarquezProject/marquez,804
2021-10-18,MarquezProject/marquez,807
2021-10-18,MarquezProject/marquez,808
2021-09-15,MarquezProject/marquez,769
2021-09-13,MarquezProject/marquez,769
2021-09-13,MarquezProject/marquez,769
2021-09-13,MarquezProject/marquez,769
2021-09-13,MarquezProject/marquez,769
2021-09-13,MarquezProject/marquez,769
2021-09-13,MarquezProject/marquez,769
2021-09-13,MarquezProject/marquez,769
2021-09-14,MarquezProject/marquez,769
2021-09-14,MarquezProject/marquez,769
2021-09-14,MarquezProject/marquez,769
2021-09-14,MarquezProject/marquez,769
2021-09-14,MarquezProject/marquez,769
2021-09-14,MarquezProject/marquez,769
2021-09-14,MarquezProject/marquez,769
2021-09-14,MarquezProject/marquez,769
2021-09-14,MarquezProject/marquez,769
2021-09-14,MarquezProject/marquez,769
2021-09-14,MarquezProject/marquez,769
2021-09-14,MarquezProject/marquez,769
2021-09-14,MarquezProject/marquez,769
2021-09-14,MarquezProject/marquez,769
2021-09-15,MarquezProject/marquez,769
2021-09-15,MarquezProject/marquez,769
2021-09-15,MarquezProject/marquez,769
2021-09-16,MarquezProject/marquez,770
2021-09-16,MarquezProject/marquez,770
2021-09-16,MarquezProject/marquez,773
2021-09-17,MarquezProject/marquez,773
2021-09-17,MarquezProject/marquez,773
2021-09-17,MarquezProject/marquez,774
2021-09-17,MarquezProject/marquez,774
2021-09-18,MarquezProject/marquez,774
2021-09-18,MarquezProject/marquez,774
2021-09-19,MarquezProject/marquez,775
2021-09-18,MarquezProject/marquez,775
2021-09-18,MarquezProject/marquez,775
2021-09-19,MarquezProject/marquez,775
2021-09-19,MarquezProject/marquez,775
2021-09-19,MarquezProject/marquez,775
2021-09-20,MarquezProject/marquez,775
2021-09-20,MarquezProject/marquez,775
2021-09-20,MarquezProject/marquez,775
2021-09-21,MarquezProject/marquez,777
2021-09-20,MarquezProject/marquez,777
2021-09-21,MarquezProject/marquez,778
2021-09-21,MarquezProject/marquez,778
2021-09-22,MarquezProject/marquez,779
2021-09-21,MarquezProject/marquez,779
2021-09-22,MarquezProject/marquez,779
2021-09-22,MarquezProject/marquez,779
2021-09-23,MarquezProject/marquez,781
2021-09-23,MarquezProject/marquez,781
2021-09-24,MarquezProject/marquez,782
2021-09-23,MarquezProject/marquez,782
2021-09-23,MarquezProject/marquez,782
2021-09-24,MarquezProject/marquez,782
2021-09-24,MarquezProject/marquez,782
2021-09-27,MarquezProject/marquez,783
2021-09-26,MarquezProject/marquez,783
2021-09-25,MarquezProject/marquez,783
2021-09-24,MarquezProject/marquez,783
2021-09-25,MarquezProject/marquez,783
2021-09-25,MarquezProject/marquez,783
2021-09-25,MarquezProject/marquez,783
2021-09-26,MarquezProject/marquez,783
2021-09-26,MarquezProject/marquez,783
2021-09-26,MarquezProject/marquez,783
2021-09-28,MarquezProject/marquez,785
2021-09-27,MarquezProject/marquez,785
2021-09-27,MarquezProject/marquez,785
2021-09-28,MarquezProject/marquez,787
2021-09-28,MarquezProject/marquez,787
2021-09-30,MarquezProject/marquez,789
2021-09-29,MarquezProject/marquez,789
2021-09-29,MarquezProject/marquez,789
2021-09-29,MarquezProject/marquez,789
2021-09-30,MarquezProject/marquez,789
2021-09-30,MarquezProject/marquez,789
2021-09-30,MarquezProject/marquez,790
2021-10-01,MarquezProject/marquez,790
2021-10-02,MarquezProject/marquez,792
2021-10-01,MarquezProject/marquez,792
2021-10-01,MarquezProject/marquez,792
2021-10-02,MarquezProject/marquez,792
2021-10-02,MarquezProject/marquez,792
2021-10-04,MarquezProject/marquez,793
2021-10-03,MarquezProject/marquez,793
2021-10-03,MarquezProject/marquez,793
2021-10-03,MarquezProject/marquez,793
2021-10-02,MarquezProject/marquez,793
2021-10-03,MarquezProject/marquez,793
2021-10-04,MarquezProject/marquez,794
2021-10-04,MarquezProject/marquez,794
2021-10-04,MarquezProject/marquez,794
2021-10-05,MarquezProject/marquez,795
2021-10-05,MarquezProject/marquez,795
2021-10-05,MarquezProject/marquez,795
2021-10-06,MarquezProject/marquez,798
2021-10-06,MarquezProject/marquez,798
2021-10-06,MarquezProject/marquez,798
2021-10-05,MarquezProject/marquez,798
2021-10-06,MarquezProject/marquez,798
2021-10-07,MarquezProject/marquez,799
2021-10-07,MarquezProject/marquez,799
2021-10-11,MarquezProject/marquez,800
2021-10-10,MarquezProject/marquez,800
2021-10-07,MarquezProject/marquez,800
2021-10-08,MarquezProject/marquez,800
2021-10-07,MarquezProject/marquez,800
2021-10-08,MarquezProject/marquez,800
2021-10-08,MarquezProject/marquez,800
2021-10-07,MarquezProject/marquez,800
2021-10-08,MarquezProject/marquez,800
2021-10-08,MarquezProject/marquez,800
2021-10-08,MarquezProject/marquez,800
2021-10-08,MarquezProject/marquez,800
2021-10-09,MarquezProject/marquez,800
2021-10-09,MarquezProject/marquez,800
2021-10-09,MarquezProject/marquez,800
2021-10-09,MarquezProject/marquez,800
2021-10-10,MarquezProject/marquez,800
2021-10-10,MarquezProject/marquez,800
2021-10-10,MarquezProject/marquez,800
2021-10-11,MarquezProject/marquez,800
2021-10-11,MarquezProject/marquez,800
2021-10-11,MarquezProject/marquez,800
2021-10-12,MarquezProject/marquez,800
2021-10-12,MarquezProject/marquez,800
2021-10-13,MarquezProject/marquez,803
2021-10-13,MarquezProject/marquez,803
2021-10-13,MarquezProject/marquez,803
2021-10-14,MarquezProject/marquez,803
2021-10-13,MarquezProject/marquez,803
2021-10-16,MarquezProject/marquez,805
2021-10-15,MarquezProject/marquez,805
2021-10-15,MarquezProject/marquez,805
2021-10-15,MarquezProject/marquez,805
2021-10-15,MarquezProject/marquez,805
2021-10-14,MarquezProject/marquez,805
2021-10-15,MarquezProject/marquez,805
2021-10-16,MarquezProject/marquez,805
2021-10-16,MarquezProject/marquez,805
2021-10-17,MarquezProject/marquez,806
2021-10-16,MarquezProject/marquez,806
2021-10-18,MarquezProject/marquez,806
2021-10-17,MarquezProject/marquez,806
2021-10-17,MarquezProject/marquez,806
2021-10-17,MarquezProject/marquez,806
2021-10-19,MarquezProject/marquez,809
2021-10-18,MarquezProject/marquez,809
2021-10-19,MarquezProject/marquez,809
2021-10-19,MarquezProject/marquez,809
2021-10-19,MarquezProject/marquez,809
2021-10-20,MarquezProject/marquez,811
2021-10-20,MarquezProject/marquez,811
2021-10-20,MarquezProject/marquez,812
2021-10-20,MarquezProject/marquez,812
2021-10-21,MarquezProject/marquez,813
2021-10-21,MarquezProject/marquez,813
2021-10-21,MarquezProject/marquez,813
2021-10-22,MarquezProject/marquez,813
2021-10-21,MarquezProject/marquez,813
2021-10-22,MarquezProject/marquez,813
2021-10-22,MarquezProject/marquez,813
2021-10-23,MarquezProject/marquez,814
2021-10-22,MarquezProject/marquez,814
2021-09-05,MarquezProject/marquez,759
2021-09-05,MarquezProject/marquez,759
2021-09-07,MarquezProject/marquez,762
2021-09-07,MarquezProject/marquez,762
2021-09-06,MarquezProject/marquez,762
2021-09-06,MarquezProject/marquez,762
2021-09-06,MarquezProject/marquez,762
2021-09-06,MarquezProject/marquez,762
2021-09-07,MarquezProject/marquez,763
2021-09-07,MarquezProject/marquez,763
2021-09-08,MarquezProject/marquez,763
2021-09-08,MarquezProject/marquez,763
2021-09-08,MarquezProject/marquez,763
2021-09-10,MarquezProject/marquez,766
2021-09-10,MarquezProject/marquez,766
2021-09-10,MarquezProject/marquez,766
2021-09-10,MarquezProject/marquez,766
2021-09-10,MarquezProject/marquez,766
2021-09-10,MarquezProject/marquez,766
2021-09-10,MarquezProject/marquez,766
2021-09-10,MarquezProject/marquez,766
2021-09-11,MarquezProject/marquez,766
2021-09-10,MarquezProject/marquez,766
2021-10-23,MarquezProject/marquez,817
2021-10-23,MarquezProject/marquez,815
2021-10-23,MarquezProject/marquez,815
2021-10-24,MarquezProject/marquez,817
2021-10-24,MarquezProject/marquez,817
2021-10-24,MarquezProject/marquez,817
2021-10-24,MarquezProject/marquez,817
2021-10-25,MarquezProject/marquez,817
2021-10-26,MarquezProject/marquez,817
2021-10-25,MarquezProject/marquez,817
2021-10-25,MarquezProject/marquez,817
2021-10-25,MarquezProject/marquez,817
2021-10-27,MarquezProject/marquez,817
2021-10-26,MarquezProject/marquez,817
2021-10-26,MarquezProject/marquez,817
2021-10-26,MarquezProject/marquez,817
2021-10-28,MarquezProject/marquez,820
2021-10-27,MarquezProject/marquez,818
2021-10-27,MarquezProject/marquez,819
2021-10-27,MarquezProject/marquez,819
2021-10-29,MarquezProject/marquez,821
2021-10-28,MarquezProject/marquez,820
2021-10-28,MarquezProject/marquez,821
2021-10-29,MarquezProject/marquez,821
2021-10-29,MarquezProject/marquez,821
2021-10-29,MarquezProject/marquez,821
2021-10-28,MarquezProject/marquez,821
2021-10-30,MarquezProject/marquez,821
2021-10-30,MarquezProject/marquez,821
2021-10-31,MarquezProject/marquez,822
2021-10-30,MarquezProject/marquez,822
2021-10-30,MarquezProject/marquez,822
2021-10-31,MarquezProject/marquez,822
2021-10-31,MarquezProject/marquez,822
2021-11-01,MarquezProject/marquez,822
2021-10-31,MarquezProject/marquez,822
2021-11-01,MarquezProject/marquez,822
2021-11-01,MarquezProject/marquez,822
2021-11-01,MarquezProject/marquez,822
2021-11-02,MarquezProject/marquez,822
2021-11-02,MarquezProject/marquez,824
2021-11-03,MarquezProject/marquez,825
2021-11-02,MarquezProject/marquez,825
2021-11-02,MarquezProject/marquez,823
2021-11-04,MarquezProject/marquez,825
2021-11-03,MarquezProject/marquez,825
2021-11-03,MarquezProject/marquez,825
2021-11-03,MarquezProject/marquez,825
2021-11-04,MarquezProject/marquez,827
2021-11-04,MarquezProject/marquez,827
2021-11-04,MarquezProject/marquez,827
2021-11-05,MarquezProject/marquez,827
2021-11-05,MarquezProject/marquez,827
2021-11-05,MarquezProject/marquez,827
2021-11-05,MarquezProject/marquez,827
2021-11-05,MarquezProject/marquez,827
2021-11-06,MarquezProject/marquez,827
2021-11-06,MarquezProject/marquez,827
2021-11-07,MarquezProject/marquez,827
2021-11-06,MarquezProject/marquez,827
2021-11-06,MarquezProject/marquez,827
2021-11-07,MarquezProject/marquez,827
2021-10-06,OpenLineage/openlineage,511
2021-09-14,OpenLineage/openlineage,476
2021-09-15,OpenLineage/openlineage,479
2021-09-16,OpenLineage/openlineage,482
2021-09-19,OpenLineage/openlineage,485
2021-09-20,OpenLineage/openlineage,487
2021-09-20,OpenLineage/openlineage,488
2021-09-21,OpenLineage/openlineage,490
2021-09-22,OpenLineage/openlineage,492
2021-09-22,OpenLineage/openlineage,493
2021-09-27,OpenLineage/openlineage,499
2021-09-30,OpenLineage/openlineage,503
2021-10-04,OpenLineage/openlineage,506
2021-10-04,OpenLineage/openlineage,507
2021-10-08,OpenLineage/openlineage,514
2021-10-12,OpenLineage/openlineage,520
2021-10-13,OpenLineage/openlineage,523
2021-10-13,OpenLineage/openlineage,522
2021-10-14,OpenLineage/openlineage,524
2021-10-14,OpenLineage/openlineage,525
2021-10-07,OpenLineage/openlineage,512
2021-10-06,OpenLineage/openlineage,512
2021-10-07,OpenLineage/openlineage,512
2021-10-07,OpenLineage/openlineage,512
2021-10-07,OpenLineage/openlineage,512
2021-10-07,OpenLineage/openlineage,513
2021-10-08,OpenLineage/openlineage,513
2021-10-08,OpenLineage/openlineage,513
2021-10-08,OpenLineage/openlineage,513
2021-10-08,OpenLineage/openlineage,513
2021-10-08,OpenLineage/openlineage,513
2021-10-10,OpenLineage/openlineage,515
2021-10-08,OpenLineage/openlineage,515
2021-10-09,OpenLineage/openlineage,515
2021-10-09,OpenLineage/openlineage,515
2021-10-09,OpenLineage/openlineage,515
2021-10-09,OpenLineage/openlineage,515
2021-10-10,OpenLineage/openlineage,515
2021-10-11,OpenLineage/openlineage,516
2021-10-10,OpenLineage/openlineage,516
2021-10-10,OpenLineage/openlineage,516
2021-10-11,OpenLineage/openlineage,517
2021-10-11,OpenLineage/openlineage,517
2021-10-11,OpenLineage/openlineage,518
2021-10-12,OpenLineage/openlineage,518
2021-10-12,OpenLineage/openlineage,518
2021-10-12,OpenLineage/openlineage,521
2021-10-13,OpenLineage/openlineage,521
2021-10-13,OpenLineage/openlineage,521
2021-10-15,OpenLineage/openlineage,526
2021-10-15,OpenLineage/openlineage,526
2021-10-14,OpenLineage/openlineage,526
2021-10-15,OpenLineage/openlineage,526
2021-10-16,OpenLineage/openlineage,527
2021-10-15,OpenLineage/openlineage,527
2021-10-15,OpenLineage/openlineage,527
2021-10-16,OpenLineage/openlineage,527
2021-10-16,OpenLineage/openlineage,528
2021-10-17,OpenLineage/openlineage,528
2021-10-16,OpenLineage/openlineage,528
2021-10-17,OpenLineage/openlineage,528
2021-10-17,OpenLineage/openlineage,528
2021-10-18,OpenLineage/openlineage,529
2021-10-17,OpenLineage/openlineage,529
2021-10-18,OpenLineage/openlineage,530
2021-10-18,OpenLineage/openlineage,530
2021-10-19,OpenLineage/openlineage,531
2021-10-18,OpenLineage/openlineage,531
2021-10-19,OpenLineage/openlineage,531
2021-10-19,OpenLineage/openlineage,533
2021-10-19,OpenLineage/openlineage,533
2021-10-20,OpenLineage/openlineage,533
2021-10-20,OpenLineage/openlineage,533
2021-10-20,OpenLineage/openlineage,533
2021-10-21,OpenLineage/openlineage,533
2021-10-20,OpenLineage/openlineage,533
2021-10-21,OpenLineage/openlineage,533
2021-10-21,OpenLineage/openlineage,533
2021-10-21,OpenLineage/openlineage,533
2021-10-22,OpenLineage/openlineage,534
2021-10-22,OpenLineage/openlineage,534
2021-10-22,OpenLineage/openlineage,534
2021-10-23,OpenLineage/openlineage,535
2021-10-22,OpenLineage/openlineage,535
2021-09-05,OpenLineage/openlineage,459
2021-09-05,OpenLineage/openlineage,459
2021-09-07,OpenLineage/openlineage,460
2021-09-07,OpenLineage/openlineage,460
2021-09-06,OpenLineage/openlineage,460
2021-09-06,OpenLineage/openlineage,460
2021-09-06,OpenLineage/openlineage,460
2021-09-06,OpenLineage/openlineage,460
2021-09-07,OpenLineage/openlineage,462
2021-09-07,OpenLineage/openlineage,462
2021-09-08,OpenLineage/openlineage,468
2021-09-08,OpenLineage/openlineage,468
2021-09-08,OpenLineage/openlineage,468
2021-09-10,OpenLineage/openlineage,471
2021-09-10,OpenLineage/openlineage,471
2021-09-10,OpenLineage/openlineage,471
2021-09-10,OpenLineage/openlineage,471
2021-09-10,OpenLineage/openlineage,471
2021-09-10,OpenLineage/openlineage,471
2021-09-10,OpenLineage/openlineage,471
2021-09-10,OpenLineage/openlineage,471
2021-09-10,OpenLineage/openlineage,471
2021-09-11,OpenLineage/openlineage,471
2021-09-13,OpenLineage/openlineage,475
2021-09-13,OpenLineage/openlineage,475
2021-09-13,OpenLineage/openlineage,475
2021-09-13,OpenLineage/openlineage,475
2021-09-13,OpenLineage/openlineage,475
2021-09-13,OpenLineage/openlineage,475
2021-09-13,OpenLineage/openlineage,475
2021-09-14,OpenLineage/openlineage,475
2021-09-14,OpenLineage/openlineage,475
2021-09-14,OpenLineage/openlineage,475
2021-09-14,OpenLineage/openlineage,475
2021-09-14,OpenLineage/openlineage,475
2021-09-14,OpenLineage/openlineage,475
2021-09-14,OpenLineage/openlineage,475
2021-09-14,OpenLineage/openlineage,475
2021-09-14,OpenLineage/openlineage,475
2021-09-14,OpenLineage/openlineage,475
2021-09-14,OpenLineage/openlineage,475
2021-09-14,OpenLineage/openlineage,475
2021-09-15,OpenLineage/openlineage,478
2021-09-14,OpenLineage/openlineage,478
2021-09-15,OpenLineage/openlineage,478
2021-09-15,OpenLineage/openlineage,478
2021-09-16,OpenLineage/openlineage,480
2021-09-16,OpenLineage/openlineage,480
2021-09-16,OpenLineage/openlineage,483
2021-09-17,OpenLineage/openlineage,483
2021-09-19,OpenLineage/openlineage,484
2021-09-17,OpenLineage/openlineage,484
2021-09-17,OpenLineage/openlineage,484
2021-09-17,OpenLineage/openlineage,484
2021-09-18,OpenLineage/openlineage,484
2021-09-18,OpenLineage/openlineage,484
2021-09-18,OpenLineage/openlineage,484
2021-09-18,OpenLineage/openlineage,484
2021-09-19,OpenLineage/openlineage,484
2021-09-19,OpenLineage/openlineage,486
2021-09-20,OpenLineage/openlineage,486
2021-09-21,OpenLineage/openlineage,489
2021-09-20,OpenLineage/openlineage,489
2021-09-21,OpenLineage/openlineage,489
2021-09-21,OpenLineage/openlineage,489
2021-09-22,OpenLineage/openlineage,491
2021-09-22,OpenLineage/openlineage,491
2021-09-23,OpenLineage/openlineage,494
2021-09-23,OpenLineage/openlineage,494
2021-09-23,OpenLineage/openlineage,494
2021-09-24,OpenLineage/openlineage,495
2021-09-23,OpenLineage/openlineage,495
2021-09-24,OpenLineage/openlineage,496
2021-09-24,OpenLineage/openlineage,496
2021-09-26,OpenLineage/openlineage,497
2021-09-25,OpenLineage/openlineage,497
2021-09-24,OpenLineage/openlineage,497
2021-09-25,OpenLineage/openlineage,497
2021-09-25,OpenLineage/openlineage,497
2021-09-25,OpenLineage/openlineage,497
2021-09-26,OpenLineage/openlineage,497
2021-09-26,OpenLineage/openlineage,497
2021-09-26,OpenLineage/openlineage,497
2021-09-28,OpenLineage/openlineage,500
2021-09-27,OpenLineage/openlineage,500
2021-09-27,OpenLineage/openlineage,500
2021-09-27,OpenLineage/openlineage,500
2021-09-28,OpenLineage/openlineage,500
2021-09-29,OpenLineage/openlineage,501
2021-09-28,OpenLineage/openlineage,501
2021-09-28,OpenLineage/openlineage,501
2021-09-29,OpenLineage/openlineage,501
2021-09-29,OpenLineage/openlineage,501
2021-09-30,OpenLineage/openlineage,502
2021-09-29,OpenLineage/openlineage,502
2021-09-30,OpenLineage/openlineage,502
2021-10-02,OpenLineage/openlineage,504
2021-09-30,OpenLineage/openlineage,504
2021-10-01,OpenLineage/openlineage,504
2021-10-01,OpenLineage/openlineage,504
2021-10-01,OpenLineage/openlineage,504
2021-10-01,OpenLineage/openlineage,504
2021-10-02,OpenLineage/openlineage,504
2021-10-02,OpenLineage/openlineage,504
2021-10-03,OpenLineage/openlineage,505
2021-10-03,OpenLineage/openlineage,505
2021-10-03,OpenLineage/openlineage,505
2021-10-02,OpenLineage/openlineage,505
2021-10-03,OpenLineage/openlineage,505
2021-10-04,OpenLineage/openlineage,508
2021-10-04,OpenLineage/openlineage,508
2021-10-05,OpenLineage/openlineage,509
2021-10-05,OpenLineage/openlineage,509
2021-10-06,OpenLineage/openlineage,510
2021-10-05,OpenLineage/openlineage,510
2021-10-05,OpenLineage/openlineage,510
2021-10-06,OpenLineage/openlineage,510
2021-10-23,OpenLineage/openlineage,536
2021-10-23,OpenLineage/openlineage,536
2021-10-23,OpenLineage/openlineage,536
2021-10-24,OpenLineage/openlineage,536
2021-10-24,OpenLineage/openlineage,537
2021-10-24,OpenLineage/openlineage,537
2021-10-24,OpenLineage/openlineage,536
2021-10-25,OpenLineage/openlineage,537
2021-10-26,OpenLineage/openlineage,537
2021-10-25,OpenLineage/openlineage,537
2021-10-25,OpenLineage/openlineage,537
2021-10-25,OpenLineage/openlineage,537
2021-10-27,OpenLineage/openlineage,538
2021-10-26,OpenLineage/openlineage,537
2021-10-26,OpenLineage/openlineage,537
2021-10-26,OpenLineage/openlineage,538
2021-10-28,OpenLineage/openlineage,541
2021-10-27,OpenLineage/openlineage,539
2021-10-27,OpenLineage/openlineage,540
2021-10-27,OpenLineage/openlineage,539
2021-10-29,OpenLineage/openlineage,543
2021-10-28,OpenLineage/openlineage,542
2021-10-28,OpenLineage/openlineage,543
2021-10-29,OpenLineage/openlineage,544
2021-10-29,OpenLineage/openlineage,544
2021-10-29,OpenLineage/openlineage,544
2021-10-28,OpenLineage/openlineage,543
2021-10-30,OpenLineage/openlineage,545
2021-10-30,OpenLineage/openlineage,545
2021-10-31,OpenLineage/openlineage,545
2021-10-30,OpenLineage/openlineage,545
2021-10-30,OpenLineage/openlineage,545
2021-10-31,OpenLineage/openlineage,545
2021-10-31,OpenLineage/openlineage,545
2021-11-01,OpenLineage/openlineage,548
2021-10-31,OpenLineage/openlineage,546
2021-11-01,OpenLineage/openlineage,548
2021-11-01,OpenLineage/openlineage,548
2021-11-01,OpenLineage/openlineage,549
2021-11-02,OpenLineage/openlineage,549
2021-11-02,OpenLineage/openlineage,549
2021-11-03,OpenLineage/openlineage,551
2021-11-02,OpenLineage/openlineage,551
2021-11-02,OpenLineage/openlineage,549
2021-11-04,OpenLineage/openlineage,554
2021-11-03,OpenLineage/openlineage,554
2021-11-03,OpenLineage/openlineage,552
2021-11-03,OpenLineage/openlineage,552
2021-11-04,OpenLineage/openlineage,554
2021-11-04,OpenLineage/openlineage,553
2021-11-04,OpenLineage/openlineage,554
2021-11-05,OpenLineage/openlineage,553
2021-11-05,OpenLineage/openlineage,553
2021-11-05,OpenLineage/openlineage,553
2021-11-05,OpenLineage/openlineage,553
2021-11-05,OpenLineage/openlineage,553
2021-11-06,OpenLineage/openlineage,553
2021-11-06,OpenLineage/openlineage,553
2021-11-07,OpenLineage/openlineage,553
2021-11-06,OpenLineage/openlineage,553
2021-11-06,OpenLineage/openlineage,553
2021-11-07,OpenLineage/openlineage,553
2018-07-10,MarquezProject/marquez,0
2018-07-11,MarquezProject/marquez,1
2018-07-12,MarquezProject/marquez,1
2018-07-13,MarquezProject/marquez,1
2018-07-14,MarquezProject/marquez,1
2018-07-15,MarquezProject/marquez,2
2018-07-16,MarquezProject/marquez,2
2018-07-17,MarquezProject/marquez,2
2018-07-18,MarquezProject/marquez,2
2018-07-19,MarquezProject/marquez,2
2018-07-20,MarquezProject/marquez,2
2018-07-21,MarquezProject/marquez,2
2018-07-22,MarquezProject/marquez,2
2018-07-23,MarquezProject/marquez,2
2018-07-24,MarquezProject/marquez,2
2018-07-25,MarquezProject/marquez,2
2018-07-26,MarquezProject/marquez,2
2018-07-27,MarquezProject/marquez,2
2018-07-28,MarquezProject/marquez,2
2018-07-29,MarquezProject/marquez,2
2018-07-30,MarquezProject/marquez,2
2018-07-31,MarquezProject/marquez,2
2018-08-01,MarquezProject/marquez,2
2018-08-02,MarquezProject/marquez,2
2018-08-03,MarquezProject/marquez,3
2018-08-04,MarquezProject/marquez,4
2018-08-05,MarquezProject/marquez,4
2018-08-06,MarquezProject/marquez,5
2018-08-07,MarquezProject/marquez,5
2018-08-08,MarquezProject/marquez,5
2018-08-09,MarquezProject/marquez,5
2018-08-10,MarquezProject/marquez,5
2018-08-11,MarquezProject/marquez,5
2018-08-12,MarquezProject/marquez,5
2018-08-13,MarquezProject/marquez,5
2018-08-14,MarquezProject/marquez,5
2018-08-15,MarquezProject/marquez,5
2018-08-16,MarquezProject/marquez,5
2018-08-17,MarquezProject/marquez,5
2018-08-18,MarquezProject/marquez,5
2018-08-19,MarquezProject/marquez,5
2018-08-20,MarquezProject/marquez,5
2018-08-21,MarquezProject/marquez,5
2018-08-22,MarquezProject/marquez,5
2018-08-23,MarquezProject/marquez,5
2018-08-24,MarquezProject/marquez,5
2018-08-25,MarquezProject/marquez,5
2018-08-26,MarquezProject/marquez,5
2018-08-27,MarquezProject/marquez,5
2018-08-28,MarquezProject/marquez,5
2018-08-29,MarquezProject/marquez,5
2018-08-30,MarquezProject/marquez,5
2018-08-31,MarquezProject/marquez,5
2018-09-01,MarquezProject/marquez,5
2018-09-02,MarquezProject/marquez,5
2018-09-03,MarquezProject/marquez,6
2018-09-04,MarquezProject/marquez,6
2018-09-05,MarquezProject/marquez,6
2018-09-06,MarquezProject/marquez,6
2018-09-07,MarquezProject/marquez,6
2018-09-08,MarquezProject/marquez,6
2018-09-09,MarquezProject/marquez,6
2018-09-10,MarquezProject/marquez,7
2018-09-11,MarquezProject/marquez,7
2018-09-12,MarquezProject/marquez,8
2018-09-13,MarquezProject/marquez,8
2018-09-14,MarquezProject/marquez,8
2018-09-15,MarquezProject/marquez,8
2018-09-16,MarquezProject/marquez,8
2018-09-17,MarquezProject/marquez,9
2018-09-18,MarquezProject/marquez,9
2018-09-19,MarquezProject/marquez,9
2018-09-20,MarquezProject/marquez,10
2018-09-21,MarquezProject/marquez,11
2018-09-22,MarquezProject/marquez,11
2018-09-23,MarquezProject/marquez,11
2018-09-24,MarquezProject/marquez,11
2018-09-25,MarquezProject/marquez,11
2018-09-26,MarquezProject/marquez,11
2018-09-27,MarquezProject/marquez,11
2018-09-28,MarquezProject/marquez,11
2018-09-29,MarquezProject/marquez,11
2018-09-30,MarquezProject/marquez,11
2018-10-01,MarquezProject/marquez,11
2018-10-02,MarquezProject/marquez,11
2018-10-03,MarquezProject/marquez,11
2018-10-04,MarquezProject/marquez,11
2018-10-05,MarquezProject/marquez,11
2018-10-06,MarquezProject/marquez,11
2018-10-07,MarquezProject/marquez,11
2018-10-08,MarquezProject/marquez,12
2018-10-09,MarquezProject/marquez,12
2018-10-10,MarquezProject/marquez,12
2018-10-11,MarquezProject/marquez,12
2018-10-12,MarquezProject/marquez,13
2018-10-13,MarquezProject/marquez,14
2018-10-14,MarquezProject/marquez,16
2018-10-15,MarquezProject/marquez,17
2018-10-16,MarquezProject/marquez,17
2018-10-17,MarquezProject/marquez,17
2018-10-18,MarquezProject/marquez,19
2018-10-19,MarquezProject/marquez,19
2018-10-20,MarquezProject/marquez,19
2018-10-21,MarquezProject/marquez,20
2018-10-22,MarquezProject/marquez,20
2018-10-23,MarquezProject/marquez,20
2018-10-24,MarquezProject/marquez,20
2018-10-25,MarquezProject/marquez,20
2018-10-26,MarquezProject/marquez,20
2018-10-27,MarquezProject/marquez,20
2018-10-28,MarquezProject/marquez,20
2018-10-29,MarquezProject/marquez,20
2018-10-30,MarquezProject/marquez,20
2018-10-31,MarquezProject/marquez,20
2018-11-01,MarquezProject/marquez,20
2018-11-02,MarquezProject/marquez,20
2018-11-03,MarquezProject/marquez,20
2018-11-04,MarquezProject/marquez,21
2018-11-05,MarquezProject/marquez,21
2018-11-06,MarquezProject/marquez,21
2018-11-07,MarquezProject/marquez,22
2018-11-08,MarquezProject/marquez,32
2018-11-09,MarquezProject/marquez,33
2018-11-10,MarquezProject/marquez,33
2018-11-11,MarquezProject/marquez,33
2018-11-12,MarquezProject/marquez,34
2018-11-13,MarquezProject/marquez,34
2018-11-14,MarquezProject/marquez,34
2018-11-15,MarquezProject/marquez,34
2018-11-16,MarquezProject/marquez,34
2018-11-17,MarquezProject/marquez,34
2018-11-18,MarquezProject/marquez,34
2018-11-19,MarquezProject/marquez,34
2018-11-20,MarquezProject/marquez,35
2018-11-21,MarquezProject/marquez,38
2018-11-22,MarquezProject/marquez,39
2018-11-23,MarquezProject/marquez,39
2018-11-24,MarquezProject/marquez,39
2018-11-25,MarquezProject/marquez,39
2018-11-26,MarquezProject/marquez,39
2018-11-27,MarquezProject/marquez,39
2018-11-28,MarquezProject/marquez,40
2018-11-29,MarquezProject/marquez,40
2018-11-30,MarquezProject/marquez,40
2018-12-01,MarquezProject/marquez,41
2018-12-02,MarquezProject/marquez,41
2018-12-03,MarquezProject/marquez,41
2018-12-04,MarquezProject/marquez,41
2018-12-05,MarquezProject/marquez,42
2018-12-06,MarquezProject/marquez,42
2018-12-07,MarquezProject/marquez,42
2018-12-08,MarquezProject/marquez,42
2018-12-09,MarquezProject/marquez,42
2018-12-10,MarquezProject/marquez,44
2018-12-11,MarquezProject/marquez,45
2018-12-12,MarquezProject/marquez,46
2018-12-13,MarquezProject/marquez,46
2018-12-14,MarquezProject/marquez,46
2018-12-15,MarquezProject/marquez,46
2018-12-16,MarquezProject/marquez,46
2018-12-17,MarquezProject/marquez,46
2018-12-18,MarquezProject/marquez,47
2018-12-19,MarquezProject/marquez,47
2018-12-20,MarquezProject/marquez,47
2018-12-21,MarquezProject/marquez,47
2018-12-22,MarquezProject/marquez,47
2018-12-23,MarquezProject/marquez,47
2018-12-24,MarquezProject/marquez,47
2018-12-25,MarquezProject/marquez,47
2018-12-26,MarquezProject/marquez,47
2018-12-27,MarquezProject/marquez,47
2018-12-28,MarquezProject/marquez,47
2018-12-29,MarquezProject/marquez,47
2018-12-30,MarquezProject/marquez,47
2018-12-31,MarquezProject/marquez,47
2019-01-01,MarquezProject/marquez,47
2019-01-02,MarquezProject/marquez,47
2019-01-03,MarquezProject/marquez,48
2019-01-04,MarquezProject/marquez,48
2019-01-05,MarquezProject/marquez,48
2019-01-06,MarquezProject/marquez,55
2019-01-07,MarquezProject/marquez,59
2019-01-08,MarquezProject/marquez,59
2019-01-09,MarquezProject/marquez,60
2019-01-10,MarquezProject/marquez,61
2019-01-11,MarquezProject/marquez,61
2019-01-12,MarquezProject/marquez,61
2019-01-13,MarquezProject/marquez,61
2019-01-14,MarquezProject/marquez,61
2019-01-15,MarquezProject/marquez,62
2019-01-16,MarquezProject/marquez,63
2019-01-17,MarquezProject/marquez,63
2019-01-18,MarquezProject/marquez,63
2019-01-19,MarquezProject/marquez,64
2019-01-20,MarquezProject/marquez,64
2019-01-21,MarquezProject/marquez,65
2019-01-22,MarquezProject/marquez,65
2019-01-23,MarquezProject/marquez,65
2019-01-24,MarquezProject/marquez,65
2019-01-25,MarquezProject/marquez,66
2019-01-26,MarquezProject/marquez,66
2019-01-27,MarquezProject/marquez,66
2019-01-28,MarquezProject/marquez,67
2019-01-29,MarquezProject/marquez,69
2019-01-30,MarquezProject/marquez,69
2019-01-31,MarquezProject/marquez,69
2019-02-01,MarquezProject/marquez,69
2019-02-02,MarquezProject/marquez,70
2019-02-03,MarquezProject/marquez,70
2019-02-04,MarquezProject/marquez,70
2019-02-05,MarquezProject/marquez,70
2019-02-06,MarquezProject/marquez,70
2019-02-07,MarquezProject/marquez,70
2019-02-08,MarquezProject/marquez,70
2019-02-09,MarquezProject/marquez,70
2019-02-10,MarquezProject/marquez,70
2019-02-11,MarquezProject/marquez,72
2019-02-12,MarquezProject/marquez,72
2019-02-13,MarquezProject/marquez,72
2019-02-14,MarquezProject/marquez,72
2019-02-15,MarquezProject/marquez,73
2019-02-16,MarquezProject/marquez,73
2019-02-17,MarquezProject/marquez,73
2019-02-18,MarquezProject/marquez,73
2019-02-19,MarquezProject/marquez,73
2019-02-20,MarquezProject/marquez,73
2019-02-21,MarquezProject/marquez,74
2019-02-22,MarquezProject/marquez,74
2019-02-23,MarquezProject/marquez,74
2019-02-24,MarquezProject/marquez,74
2019-02-25,MarquezProject/marquez,74
2019-02-26,MarquezProject/marquez,74
2019-02-27,MarquezProject/marquez,75
2019-02-28,MarquezProject/marquez,75
2019-03-01,MarquezProject/marquez,76
2019-03-02,MarquezProject/marquez,76
2019-03-03,MarquezProject/marquez,76
2019-03-04,MarquezProject/marquez,76
2019-03-05,MarquezProject/marquez,76
2019-03-06,MarquezProject/marquez,76
2019-03-07,MarquezProject/marquez,76
2019-03-08,MarquezProject/marquez,76
2019-03-09,MarquezProject/marquez,76
2019-03-10,MarquezProject/marquez,76
2019-03-11,MarquezProject/marquez,76
2019-03-12,MarquezProject/marquez,76
2019-03-13,MarquezProject/marquez,76
2019-03-14,MarquezProject/marquez,76
2019-03-15,MarquezProject/marquez,76
2019-03-16,MarquezProject/marquez,76
2019-03-17,MarquezProject/marquez,76
2019-03-18,MarquezProject/marquez,76
2019-03-19,MarquezProject/marquez,76
2019-03-20,MarquezProject/marquez,76
2019-03-21,MarquezProject/marquez,76
2019-03-22,MarquezProject/marquez,76
2019-03-23,MarquezProject/marquez,76
2019-03-24,MarquezProject/marquez,76
2019-03-25,MarquezProject/marquez,76
2019-03-26,MarquezProject/marquez,76
2019-03-27,MarquezProject/marquez,78
2019-03-28,MarquezProject/marquez,78
2019-03-29,MarquezProject/marquez,79
2019-03-30,MarquezProject/marquez,79
2019-03-31,MarquezProject/marquez,79
2019-04-01,MarquezProject/marquez,80
2019-04-02,MarquezProject/marquez,80
2019-04-03,MarquezProject/marquez,80
2019-04-04,MarquezProject/marquez,88
2019-04-05,MarquezProject/marquez,88
2019-04-06,MarquezProject/marquez,88
2019-04-07,MarquezProject/marquez,88
2019-04-08,MarquezProject/marquez,88
2019-04-09,MarquezProject/marquez,88
2019-04-10,MarquezProject/marquez,91
2019-04-11,MarquezProject/marquez,91
2019-04-12,MarquezProject/marquez,91
2019-04-13,MarquezProject/marquez,91
2019-04-14,MarquezProject/marquez,91
2019-04-15,MarquezProject/marquez,92
2019-04-16,MarquezProject/marquez,94
2019-04-17,MarquezProject/marquez,94
2019-04-18,MarquezProject/marquez,94
2019-04-19,MarquezProject/marquez,94
2019-04-20,MarquezProject/marquez,94
2019-04-21,MarquezProject/marquez,94
2019-04-22,MarquezProject/marquez,94
2019-04-23,MarquezProject/marquez,94
2019-04-24,MarquezProject/marquez,95
2019-04-25,MarquezProject/marquez,97
2019-04-26,MarquezProject/marquez,100
2019-04-27,MarquezProject/marquez,101
2019-04-28,MarquezProject/marquez,101
2019-04-29,MarquezProject/marquez,102
2019-04-30,MarquezProject/marquez,104
2019-05-01,MarquezProject/marquez,104
2019-05-02,MarquezProject/marquez,104
2019-05-03,MarquezProject/marquez,104
2019-05-04,MarquezProject/marquez,104
2019-05-05,MarquezProject/marquez,106
2019-05-06,MarquezProject/marquez,106
2019-05-07,MarquezProject/marquez,106
2019-05-08,MarquezProject/marquez,106
2019-05-09,MarquezProject/marquez,106
2019-05-10,MarquezProject/marquez,106
2019-05-11,MarquezProject/marquez,106
2019-05-12,MarquezProject/marquez,106
2019-05-13,MarquezProject/marquez,106
2019-05-14,MarquezProject/marquez,106
2019-05-15,MarquezProject/marquez,106
2019-05-16,MarquezProject/marquez,106
2019-05-17,MarquezProject/marquez,106
2019-05-18,MarquezProject/marquez,106
2019-05-19,MarquezProject/marquez,106
2019-05-20,MarquezProject/marquez,106
2019-05-21,MarquezProject/marquez,106
2019-05-22,MarquezProject/marquez,107
2019-05-23,MarquezProject/marquez,108
2019-05-24,MarquezProject/marquez,108
2019-05-25,MarquezProject/marquez,109
2019-05-26,MarquezProject/marquez,109
2019-05-27,MarquezProject/marquez,109
2019-05-28,MarquezProject/marquez,110
2019-05-29,MarquezProject/marquez,110
2019-05-30,MarquezProject/marquez,110
2019-05-31,MarquezProject/marquez,110
2019-06-01,MarquezProject/marquez,110
2019-06-02,MarquezProject/marquez,110
2019-06-03,MarquezProject/marquez,112
2019-06-04,MarquezProject/marquez,114
2019-06-05,MarquezProject/marquez,115
2019-06-06,MarquezProject/marquez,116
2019-06-07,MarquezProject/marquez,116
2019-06-08,MarquezProject/marquez,116
2019-06-09,MarquezProject/marquez,116
2019-06-10,MarquezProject/marquez,116
2019-06-11,MarquezProject/marquez,116
2019-06-12,MarquezProject/marquez,117
2019-06-13,MarquezProject/marquez,117
2019-06-14,MarquezProject/marquez,117
2019-06-15,MarquezProject/marquez,117
2019-06-16,MarquezProject/marquez,117
2019-06-17,MarquezProject/marquez,117
2019-06-18,MarquezProject/marquez,117
2019-06-19,MarquezProject/marquez,117
2019-06-20,MarquezProject/marquez,118
2019-06-21,MarquezProject/marquez,118
2019-06-22,MarquezProject/marquez,118
2019-06-23,MarquezProject/marquez,118
2019-06-24,MarquezProject/marquez,118
2019-06-25,MarquezProject/marquez,119
2019-06-26,MarquezProject/marquez,119
2019-06-27,MarquezProject/marquez,119
2019-06-28,MarquezProject/marquez,120
2019-06-29,MarquezProject/marquez,120
2019-06-30,MarquezProject/marquez,120
2019-07-01,MarquezProject/marquez,122
2019-07-02,MarquezProject/marquez,122
2019-07-03,MarquezProject/marquez,123
2019-07-04,MarquezProject/marquez,123
2019-07-05,MarquezProject/marquez,124
2019-07-06,MarquezProject/marquez,124
2019-07-07,MarquezProject/marquez,124
2019-07-08,MarquezProject/marquez,125
2019-07-09,MarquezProject/marquez,125
2019-07-10,MarquezProject/marquez,125
2019-07-11,MarquezProject/marquez,125
2019-07-12,MarquezProject/marquez,127
2019-07-13,MarquezProject/marquez,127
2019-07-14,MarquezProject/marquez,127
2019-07-15,MarquezProject/marquez,128
2019-07-16,MarquezProject/marquez,129
2019-07-17,MarquezProject/marquez,129
2019-07-18,MarquezProject/marquez,131
2019-07-19,MarquezProject/marquez,131
2019-07-20,MarquezProject/marquez,131
2019-07-21,MarquezProject/marquez,131
2019-07-22,MarquezProject/marquez,131
2019-07-23,MarquezProject/marquez,131
2019-07-24,MarquezProject/marquez,131
2019-07-25,MarquezProject/marquez,131
2019-07-26,MarquezProject/marquez,131
2019-07-27,MarquezProject/marquez,131
2019-07-28,MarquezProject/marquez,132
2019-07-29,MarquezProject/marquez,132
2019-07-30,MarquezProject/marquez,133
2019-07-31,MarquezProject/marquez,133
2019-08-01,MarquezProject/marquez,133
2019-08-02,MarquezProject/marquez,135
2019-08-03,MarquezProject/marquez,135
2019-08-04,MarquezProject/marquez,135
2019-08-05,MarquezProject/marquez,136
2019-08-06,MarquezProject/marquez,136
2019-08-07,MarquezProject/marquez,137
2019-08-08,MarquezProject/marquez,138
2019-08-09,MarquezProject/marquez,138
2019-08-10,MarquezProject/marquez,138
2019-08-11,MarquezProject/marquez,138
2019-08-12,MarquezProject/marquez,140
2019-08-13,MarquezProject/marquez,140
2019-08-14,MarquezProject/marquez,140
2019-08-15,MarquezProject/marquez,142
2019-08-16,MarquezProject/marquez,142
2019-08-17,MarquezProject/marquez,142
2019-08-18,MarquezProject/marquez,142
2019-08-19,MarquezProject/marquez,142
2019-08-20,MarquezProject/marquez,142
2019-08-21,MarquezProject/marquez,142
2019-08-22,MarquezProject/marquez,142
2019-08-23,MarquezProject/marquez,142
2019-08-24,MarquezProject/marquez,142
2019-08-25,MarquezProject/marquez,142
2019-08-26,MarquezProject/marquez,143
2019-08-27,MarquezProject/marquez,144
2019-08-28,MarquezProject/marquez,144
2019-08-29,MarquezProject/marquez,145
2019-08-30,MarquezProject/marquez,145
2019-08-31,MarquezProject/marquez,145
2019-09-01,MarquezProject/marquez,146
2019-09-02,MarquezProject/marquez,146
2019-09-03,MarquezProject/marquez,146
2019-09-04,MarquezProject/marquez,147
2019-09-05,MarquezProject/marquez,147
2019-09-06,MarquezProject/marquez,148
2019-09-07,MarquezProject/marquez,148
2019-09-08,MarquezProject/marquez,148
2019-09-09,MarquezProject/marquez,148
2019-09-10,MarquezProject/marquez,148
2019-09-11,MarquezProject/marquez,148
2019-09-12,MarquezProject/marquez,148
2019-09-13,MarquezProject/marquez,148
2019-09-14,MarquezProject/marquez,148
2019-09-15,MarquezProject/marquez,148
2019-09-16,MarquezProject/marquez,148
2019-09-17,MarquezProject/marquez,148
2019-09-18,MarquezProject/marquez,148
2019-09-19,MarquezProject/marquez,148
2019-09-20,MarquezProject/marquez,148
2019-09-21,MarquezProject/marquez,148
2019-09-22,MarquezProject/marquez,148
2019-09-23,MarquezProject/marquez,148
2019-09-24,MarquezProject/marquez,148
2019-09-25,MarquezProject/marquez,149
2019-09-26,MarquezProject/marquez,150
2019-09-27,MarquezProject/marquez,150
2019-09-28,MarquezProject/marquez,152
2019-09-29,MarquezProject/marquez,152
2019-09-30,MarquezProject/marquez,152
2019-10-01,MarquezProject/marquez,152
2019-10-02,MarquezProject/marquez,152
2019-10-03,MarquezProject/marquez,152
2019-10-04,MarquezProject/marquez,152
2019-10-05,MarquezProject/marquez,152
2019-10-06,MarquezProject/marquez,152
2019-10-07,MarquezProject/marquez,152
2019-10-08,MarquezProject/marquez,152
2019-10-09,MarquezProject/marquez,152
2019-10-10,MarquezProject/marquez,153
2019-10-11,MarquezProject/marquez,153
2019-10-12,MarquezProject/marquez,153
2019-10-13,MarquezProject/marquez,153
2019-10-14,MarquezProject/marquez,153
2019-10-15,MarquezProject/marquez,155
2019-10-16,MarquezProject/marquez,156
2019-10-17,MarquezProject/marquez,156
2019-10-18,MarquezProject/marquez,159
2019-10-19,MarquezProject/marquez,159
2019-10-20,MarquezProject/marquez,159
2019-10-21,MarquezProject/marquez,159
2019-10-22,MarquezProject/marquez,159
2019-10-23,MarquezProject/marquez,159
2019-10-24,MarquezProject/marquez,159
2019-10-25,MarquezProject/marquez,159
2019-10-26,MarquezProject/marquez,159
2019-10-27,MarquezProject/marquez,159
2019-10-28,MarquezProject/marquez,159
2019-10-29,MarquezProject/marquez,159
2019-10-30,MarquezProject/marquez,159
2019-10-31,MarquezProject/marquez,159
2019-11-01,MarquezProject/marquez,159
2019-11-02,MarquezProject/marquez,159
2019-11-03,MarquezProject/marquez,159
2019-11-04,MarquezProject/marquez,160
2019-11-05,MarquezProject/marquez,160
2019-11-06,MarquezProject/marquez,160
2019-11-07,MarquezProject/marquez,160
2019-11-08,MarquezProject/marquez,160
2019-11-09,MarquezProject/marquez,160
2019-11-10,MarquezProject/marquez,160
2019-11-11,MarquezProject/marquez,160
2019-11-12,MarquezProject/marquez,160
2019-11-13,MarquezProject/marquez,160
2019-11-14,MarquezProject/marquez,160
2019-11-15,MarquezProject/marquez,162
2019-11-16,MarquezProject/marquez,164
2019-11-17,MarquezProject/marquez,165
2019-11-18,MarquezProject/marquez,165
2019-11-19,MarquezProject/marquez,166
2019-11-20,MarquezProject/marquez,166
2019-11-21,MarquezProject/marquez,166
2019-11-22,MarquezProject/marquez,166
2019-11-23,MarquezProject/marquez,167
2019-11-24,MarquezProject/marquez,167
2019-11-25,MarquezProject/marquez,167
2019-11-26,MarquezProject/marquez,167
2019-11-27,MarquezProject/marquez,167
2019-11-28,MarquezProject/marquez,167
2019-11-29,MarquezProject/marquez,167
2019-11-30,MarquezProject/marquez,167
2019-12-01,MarquezProject/marquez,167
2019-12-02,MarquezProject/marquez,167
2019-12-03,MarquezProject/marquez,167
2019-12-04,MarquezProject/marquez,167
2019-12-05,MarquezProject/marquez,167
2019-12-06,MarquezProject/marquez,167
2019-12-07,MarquezProject/marquez,167
2019-12-08,MarquezProject/marquez,168
2019-12-09,MarquezProject/marquez,169
2019-12-10,MarquezProject/marquez,169
2019-12-11,MarquezProject/marquez,170
2019-12-12,MarquezProject/marquez,170
2019-12-13,MarquezProject/marquez,170
2019-12-14,MarquezProject/marquez,170
2019-12-15,MarquezProject/marquez,170
2019-12-16,MarquezProject/marquez,175
2019-12-17,MarquezProject/marquez,180
2019-12-18,MarquezProject/marquez,181
2019-12-19,MarquezProject/marquez,183
2019-12-20,MarquezProject/marquez,185
2019-12-21,MarquezProject/marquez,186
2019-12-22,MarquezProject/marquez,188
2019-12-23,MarquezProject/marquez,189
2019-12-24,MarquezProject/marquez,189
2019-12-25,MarquezProject/marquez,189
2019-12-26,MarquezProject/marquez,189
2019-12-27,MarquezProject/marquez,191
2019-12-28,MarquezProject/marquez,191
2019-12-29,MarquezProject/marquez,191
2019-12-30,MarquezProject/marquez,191
2019-12-31,MarquezProject/marquez,191
2020-01-01,MarquezProject/marquez,192
2020-01-02,MarquezProject/marquez,192
2020-01-03,MarquezProject/marquez,193
2020-01-04,MarquezProject/marquez,193
2020-01-05,MarquezProject/marquez,193
2020-01-06,MarquezProject/marquez,193
2020-01-07,MarquezProject/marquez,195
2020-01-08,MarquezProject/marquez,196
2020-01-09,MarquezProject/marquez,196
2020-01-10,MarquezProject/marquez,197
2020-01-11,MarquezProject/marquez,197
2020-01-12,MarquezProject/marquez,197
2020-01-13,MarquezProject/marquez,198
2020-01-14,MarquezProject/marquez,198
2020-01-15,MarquezProject/marquez,198
2020-01-16,MarquezProject/marquez,198
2020-01-17,MarquezProject/marquez,199
2020-01-18,MarquezProject/marquez,199
2020-01-19,MarquezProject/marquez,201
2020-01-20,MarquezProject/marquez,202
2020-01-21,MarquezProject/marquez,203
2020-01-22,MarquezProject/marquez,203
2020-01-23,MarquezProject/marquez,203
2020-01-24,MarquezProject/marquez,204
2020-01-25,MarquezProject/marquez,205
2020-01-26,MarquezProject/marquez,206
2020-01-27,MarquezProject/marquez,206
2020-01-28,MarquezProject/marquez,206
2020-01-29,MarquezProject/marquez,206
2020-01-30,MarquezProject/marquez,207
2020-01-31,MarquezProject/marquez,210
2020-02-01,MarquezProject/marquez,210
2020-02-02,MarquezProject/marquez,210
2020-02-03,MarquezProject/marquez,210
2020-02-04,MarquezProject/marquez,211
2020-02-05,MarquezProject/marquez,212
2020-02-06,MarquezProject/marquez,212
2020-02-07,MarquezProject/marquez,212
2020-02-08,MarquezProject/marquez,212
2020-02-09,MarquezProject/marquez,212
2020-02-10,MarquezProject/marquez,212
2020-02-11,MarquezProject/marquez,214
2020-02-12,MarquezProject/marquez,215
2020-02-13,MarquezProject/marquez,215
2020-02-14,MarquezProject/marquez,215
2020-02-15,MarquezProject/marquez,215
2020-02-16,MarquezProject/marquez,215
2020-02-17,MarquezProject/marquez,215
2020-02-18,MarquezProject/marquez,216
2020-02-19,MarquezProject/marquez,217
2020-02-20,MarquezProject/marquez,217
2020-02-21,MarquezProject/marquez,218
2020-02-22,MarquezProject/marquez,220
2020-02-23,MarquezProject/marquez,221
2020-02-24,MarquezProject/marquez,221
2020-02-25,MarquezProject/marquez,221
2020-02-26,MarquezProject/marquez,221
2020-02-27,MarquezProject/marquez,221
2020-02-28,MarquezProject/marquez,221
2020-02-29,MarquezProject/marquez,221
2020-03-01,MarquezProject/marquez,221
2020-03-02,MarquezProject/marquez,221
2020-03-03,MarquezProject/marquez,221
2020-03-04,MarquezProject/marquez,221
2020-03-05,MarquezProject/marquez,223
2020-03-06,MarquezProject/marquez,223
2020-03-07,MarquezProject/marquez,223
2020-03-08,MarquezProject/marquez,223
2020-03-09,MarquezProject/marquez,223
2020-03-10,MarquezProject/marquez,224
2020-03-11,MarquezProject/marquez,225
2020-03-12,MarquezProject/marquez,225
2020-03-13,MarquezProject/marquez,225
2020-03-14,MarquezProject/marquez,225
2020-03-15,MarquezProject/marquez,225
2020-03-16,MarquezProject/marquez,226
2020-03-17,MarquezProject/marquez,228
2020-03-18,MarquezProject/marquez,228
2020-03-19,MarquezProject/marquez,229
2020-03-20,MarquezProject/marquez,229
2020-03-21,MarquezProject/marquez,231
2020-03-22,MarquezProject/marquez,231
2020-03-23,MarquezProject/marquez,231
2020-03-24,MarquezProject/marquez,231
2020-03-25,MarquezProject/marquez,232
2020-03-26,MarquezProject/marquez,232
2020-03-27,MarquezProject/marquez,233
2020-03-28,MarquezProject/marquez,233
2020-03-29,MarquezProject/marquez,233
2020-03-30,MarquezProject/marquez,233
2020-03-31,MarquezProject/marquez,234
2020-04-01,MarquezProject/marquez,234
2020-04-02,MarquezProject/marquez,234
2020-04-03,MarquezProject/marquez,235
2020-04-04,MarquezProject/marquez,235
2020-04-05,MarquezProject/marquez,235
2020-04-06,MarquezProject/marquez,235
2020-04-07,MarquezProject/marquez,236
2020-04-08,MarquezProject/marquez,236
2020-04-09,MarquezProject/marquez,237
2020-04-10,MarquezProject/marquez,238
2020-04-11,MarquezProject/marquez,238
2020-04-12,MarquezProject/marquez,238
2020-04-13,MarquezProject/marquez,240
2020-04-14,MarquezProject/marquez,242
2020-04-15,MarquezProject/marquez,243
2020-04-16,MarquezProject/marquez,243
2020-04-17,MarquezProject/marquez,245
2020-04-18,MarquezProject/marquez,245
2020-04-19,MarquezProject/marquez,245
2020-04-20,MarquezProject/marquez,245
2020-04-21,MarquezProject/marquez,247
2020-04-22,MarquezProject/marquez,248
2020-04-23,MarquezProject/marquez,249
2020-04-24,MarquezProject/marquez,249
2020-04-25,MarquezProject/marquez,251
2020-04-26,MarquezProject/marquez,251
2020-04-27,MarquezProject/marquez,252
2020-04-28,MarquezProject/marquez,252
2020-04-29,MarquezProject/marquez,253
2020-04-30,MarquezProject/marquez,253
2020-05-01,MarquezProject/marquez,253
2020-05-02,MarquezProject/marquez,253
2020-05-03,MarquezProject/marquez,253
2020-05-04,MarquezProject/marquez,253
2020-05-05,MarquezProject/marquez,253
2020-05-06,MarquezProject/marquez,253
2020-05-07,MarquezProject/marquez,253
2020-05-08,MarquezProject/marquez,254
2020-05-09,MarquezProject/marquez,254
2020-05-10,MarquezProject/marquez,255
2020-05-11,MarquezProject/marquez,256
2020-05-12,MarquezProject/marquez,257
2020-05-13,MarquezProject/marquez,257
2020-05-14,MarquezProject/marquez,257
2020-05-15,MarquezProject/marquez,257
2020-05-16,MarquezProject/marquez,257
2020-05-17,MarquezProject/marquez,257
2020-05-18,MarquezProject/marquez,257
2020-05-19,MarquezProject/marquez,267
2020-05-20,MarquezProject/marquez,270
2020-05-21,MarquezProject/marquez,271
2020-05-22,MarquezProject/marquez,272
2020-05-23,MarquezProject/marquez,273
2020-05-24,MarquezProject/marquez,275
2020-05-25,MarquezProject/marquez,277
2020-05-26,MarquezProject/marquez,277
2020-05-27,MarquezProject/marquez,277
2020-05-28,MarquezProject/marquez,277
2020-05-29,MarquezProject/marquez,279
2020-05-30,MarquezProject/marquez,279
2020-05-31,MarquezProject/marquez,281
2020-06-01,MarquezProject/marquez,281
2020-06-02,MarquezProject/marquez,284
2020-06-03,MarquezProject/marquez,284
2020-06-04,MarquezProject/marquez,284
2020-06-05,MarquezProject/marquez,286
2020-06-06,MarquezProject/marquez,287
2020-06-07,MarquezProject/marquez,288
2020-06-08,MarquezProject/marquez,289
2020-06-09,MarquezProject/marquez,290
2020-06-10,MarquezProject/marquez,290
2020-06-11,MarquezProject/marquez,291
2020-06-12,MarquezProject/marquez,292
2020-06-13,MarquezProject/marquez,292
2020-06-14,MarquezProject/marquez,293
2020-06-15,MarquezProject/marquez,293
2020-06-16,MarquezProject/marquez,296
2020-06-17,MarquezProject/marquez,296
2020-06-18,MarquezProject/marquez,297
2020-06-19,MarquezProject/marquez,297
2020-06-20,MarquezProject/marquez,297
2020-06-21,MarquezProject/marquez,297
2020-06-22,MarquezProject/marquez,299
2020-06-23,MarquezProject/marquez,300
2020-06-24,MarquezProject/marquez,302
2020-06-25,MarquezProject/marquez,302
2020-06-26,MarquezProject/marquez,302
2020-06-27,MarquezProject/marquez,302
2020-06-28,MarquezProject/marquez,302
2020-06-29,MarquezProject/marquez,302
2020-06-30,MarquezProject/marquez,304
2020-07-01,MarquezProject/marquez,304
2020-07-02,MarquezProject/marquez,304
2020-07-03,MarquezProject/marquez,304
2020-07-04,MarquezProject/marquez,304
2020-07-05,MarquezProject/marquez,304
2020-07-06,MarquezProject/marquez,304
2020-07-07,MarquezProject/marquez,306
2020-07-08,MarquezProject/marquez,306
2020-07-09,MarquezProject/marquez,306
2020-07-10,MarquezProject/marquez,309
2020-07-11,MarquezProject/marquez,310
2020-07-12,MarquezProject/marquez,311
2020-07-13,MarquezProject/marquez,313
2020-07-14,MarquezProject/marquez,313
2020-07-15,MarquezProject/marquez,314
2020-07-16,MarquezProject/marquez,316
2020-07-17,MarquezProject/marquez,318
2020-07-18,MarquezProject/marquez,318
2020-07-19,MarquezProject/marquez,318
2020-07-20,MarquezProject/marquez,318
2020-07-21,MarquezProject/marquez,319
2020-07-22,MarquezProject/marquez,319
2020-07-23,MarquezProject/marquez,319
2020-07-24,MarquezProject/marquez,321
2020-07-25,MarquezProject/marquez,321
2020-07-26,MarquezProject/marquez,321
2020-07-27,MarquezProject/marquez,321
2020-07-28,MarquezProject/marquez,322
2020-07-29,MarquezProject/marquez,322
2020-07-30,MarquezProject/marquez,324
2020-07-31,MarquezProject/marquez,326
2020-08-01,MarquezProject/marquez,326
2020-08-02,MarquezProject/marquez,326
2020-08-03,MarquezProject/marquez,328
2020-08-04,MarquezProject/marquez,330
2020-08-05,MarquezProject/marquez,330
2020-08-06,MarquezProject/marquez,331
2020-08-07,MarquezProject/marquez,331
2020-08-08,MarquezProject/marquez,331
2020-08-09,MarquezProject/marquez,332
2020-08-10,MarquezProject/marquez,333
2020-08-11,MarquezProject/marquez,335
2020-08-12,MarquezProject/marquez,336
2020-08-13,MarquezProject/marquez,337
2020-08-14,MarquezProject/marquez,339
2020-08-15,MarquezProject/marquez,339
2020-08-16,MarquezProject/marquez,339
2020-08-17,MarquezProject/marquez,340
2020-08-18,MarquezProject/marquez,341
2020-08-19,MarquezProject/marquez,341
2020-08-20,MarquezProject/marquez,341
2020-08-21,MarquezProject/marquez,342
2020-08-22,MarquezProject/marquez,342
2020-08-23,MarquezProject/marquez,342
2020-08-24,MarquezProject/marquez,343
2020-08-25,MarquezProject/marquez,343
2020-08-26,MarquezProject/marquez,343
2020-08-27,MarquezProject/marquez,344
2020-08-28,MarquezProject/marquez,344
2020-08-29,MarquezProject/marquez,345
2020-08-30,MarquezProject/marquez,345
2020-08-31,MarquezProject/marquez,345
2020-09-01,MarquezProject/marquez,345
2020-09-02,MarquezProject/marquez,349
2020-09-03,MarquezProject/marquez,350
2020-09-04,MarquezProject/marquez,351
2020-09-05,MarquezProject/marquez,351
2020-09-06,MarquezProject/marquez,351
2020-09-07,MarquezProject/marquez,352
2020-09-08,MarquezProject/marquez,352
2020-09-09,MarquezProject/marquez,352
2020-09-10,MarquezProject/marquez,352
2020-09-11,MarquezProject/marquez,352
2020-09-12,MarquezProject/marquez,352
2020-09-13,MarquezProject/marquez,352
2020-09-14,MarquezProject/marquez,353
2020-09-15,MarquezProject/marquez,353
2020-09-16,MarquezProject/marquez,353
2020-09-17,MarquezProject/marquez,354
2020-09-18,MarquezProject/marquez,357
2020-09-19,MarquezProject/marquez,357
2020-09-20,MarquezProject/marquez,357
2020-09-21,MarquezProject/marquez,357
2020-09-22,MarquezProject/marquez,359
2020-09-23,MarquezProject/marquez,359
2020-09-24,MarquezProject/marquez,360
2020-09-25,MarquezProject/marquez,361
2020-09-26,MarquezProject/marquez,361
2020-09-27,MarquezProject/marquez,361
2020-09-28,MarquezProject/marquez,361
2020-09-29,MarquezProject/marquez,362
2020-09-30,MarquezProject/marquez,362
2020-10-01,MarquezProject/marquez,362
2020-10-02,MarquezProject/marquez,362
2020-10-03,MarquezProject/marquez,362
2020-10-04,MarquezProject/marquez,362
2020-10-05,MarquezProject/marquez,362
2020-10-06,MarquezProject/marquez,362
2020-10-07,MarquezProject/marquez,362
2020-10-08,MarquezProject/marquez,362
2020-10-09,MarquezProject/marquez,363
2020-10-10,MarquezProject/marquez,364
2020-10-11,MarquezProject/marquez,364
2020-10-12,MarquezProject/marquez,364
2020-10-13,MarquezProject/marquez,366
2020-10-14,MarquezProject/marquez,366
2020-10-15,MarquezProject/marquez,367
2020-10-16,MarquezProject/marquez,369
2020-10-17,MarquezProject/marquez,370
2020-10-18,MarquezProject/marquez,372
2020-10-19,MarquezProject/marquez,373
2020-10-20,MarquezProject/marquez,374
2020-10-21,MarquezProject/marquez,375
2020-10-22,MarquezProject/marquez,376
2020-10-23,MarquezProject/marquez,378
2020-10-24,MarquezProject/marquez,378
2020-10-25,MarquezProject/marquez,378
2020-10-26,MarquezProject/marquez,379
2020-10-27,MarquezProject/marquez,379
2020-10-28,MarquezProject/marquez,380
2020-10-29,MarquezProject/marquez,381
2020-10-30,MarquezProject/marquez,381
2020-10-31,MarquezProject/marquez,381
2020-11-01,MarquezProject/marquez,381
2020-11-02,MarquezProject/marquez,381
2020-11-03,MarquezProject/marquez,381
2020-11-04,MarquezProject/marquez,381
2020-11-05,MarquezProject/marquez,381
2020-11-06,MarquezProject/marquez,382
2020-11-07,MarquezProject/marquez,382
2020-11-08,MarquezProject/marquez,382
2020-11-09,MarquezProject/marquez,382
2020-11-10,MarquezProject/marquez,382
2020-11-11,MarquezProject/marquez,382
2020-11-12,MarquezProject/marquez,383
2020-11-13,MarquezProject/marquez,383
2020-11-14,MarquezProject/marquez,383
2020-11-15,MarquezProject/marquez,384
2020-11-16,MarquezProject/marquez,385
2020-11-17,MarquezProject/marquez,385
2020-11-18,MarquezProject/marquez,385
2020-11-19,MarquezProject/marquez,387
2020-11-20,MarquezProject/marquez,387
2020-11-21,MarquezProject/marquez,387
2020-11-22,MarquezProject/marquez,389
2020-11-23,MarquezProject/marquez,389
2020-11-24,MarquezProject/marquez,391
2020-11-25,MarquezProject/marquez,391
2020-11-26,MarquezProject/marquez,392
2020-11-27,MarquezProject/marquez,393
2020-11-28,MarquezProject/marquez,393
2020-11-29,MarquezProject/marquez,394
2020-11-30,MarquezProject/marquez,394
2020-12-01,MarquezProject/marquez,395
2020-12-02,MarquezProject/marquez,396
2020-12-03,MarquezProject/marquez,398
2020-12-04,MarquezProject/marquez,399
2020-12-05,MarquezProject/marquez,399
2020-12-06,MarquezProject/marquez,400
2020-12-07,MarquezProject/marquez,401
2020-12-08,MarquezProject/marquez,402
2020-12-09,MarquezProject/marquez,405
2020-12-10,MarquezProject/marquez,408
2020-12-11,MarquezProject/marquez,408
2020-12-12,MarquezProject/marquez,408
2020-12-13,MarquezProject/marquez,409
2020-12-14,MarquezProject/marquez,410
2020-12-15,MarquezProject/marquez,413
2020-12-16,MarquezProject/marquez,416
2020-12-17,MarquezProject/marquez,419
2020-12-18,MarquezProject/marquez,421
2020-12-19,MarquezProject/marquez,424
2020-12-20,MarquezProject/marquez,429
2020-12-21,MarquezProject/marquez,429
2020-12-22,MarquezProject/marquez,430
2020-12-23,MarquezProject/marquez,431
2020-12-24,MarquezProject/marquez,433
2020-12-25,MarquezProject/marquez,433
2020-12-26,MarquezProject/marquez,433
2020-12-27,MarquezProject/marquez,436
2020-12-28,MarquezProject/marquez,436
2020-12-29,MarquezProject/marquez,436
2020-12-30,MarquezProject/marquez,437
2020-12-31,MarquezProject/marquez,438
2021-01-01,MarquezProject/marquez,438
2021-01-02,MarquezProject/marquez,438
2021-01-03,MarquezProject/marquez,438
2021-01-04,MarquezProject/marquez,442
2021-01-05,MarquezProject/marquez,442
2021-01-06,MarquezProject/marquez,442
2021-01-07,MarquezProject/marquez,444
2021-01-08,MarquezProject/marquez,446
2021-01-09,MarquezProject/marquez,446
2021-01-10,MarquezProject/marquez,448
2021-01-11,MarquezProject/marquez,448
2021-01-12,MarquezProject/marquez,449
2021-01-13,MarquezProject/marquez,449
2021-01-14,MarquezProject/marquez,450
2021-01-15,MarquezProject/marquez,451
2021-01-16,MarquezProject/marquez,451
2021-01-17,MarquezProject/marquez,452
2021-01-18,MarquezProject/marquez,452
2021-01-19,MarquezProject/marquez,454
2021-01-20,MarquezProject/marquez,455
2021-01-21,MarquezProject/marquez,456
2021-01-22,MarquezProject/marquez,457
2021-01-23,MarquezProject/marquez,458
2021-01-24,MarquezProject/marquez,460
2021-01-25,MarquezProject/marquez,460
2021-01-26,MarquezProject/marquez,465
2021-01-27,MarquezProject/marquez,468
2021-01-28,MarquezProject/marquez,470
2021-01-29,MarquezProject/marquez,471
2021-01-30,MarquezProject/marquez,471
2021-01-31,MarquezProject/marquez,473
2021-02-01,MarquezProject/marquez,474
2021-02-02,MarquezProject/marquez,474
2021-02-03,MarquezProject/marquez,475
2021-02-04,MarquezProject/marquez,478
2021-02-05,MarquezProject/marquez,479
2021-02-06,MarquezProject/marquez,479
2021-02-07,MarquezProject/marquez,481
2021-02-08,MarquezProject/marquez,482
2021-02-09,MarquezProject/marquez,482
2021-02-10,MarquezProject/marquez,483
2021-02-11,MarquezProject/marquez,484
2021-02-12,MarquezProject/marquez,484
2021-02-13,MarquezProject/marquez,484
2021-02-14,MarquezProject/marquez,484
2021-02-15,MarquezProject/marquez,484
2021-02-16,MarquezProject/marquez,486
2021-02-17,MarquezProject/marquez,486
2021-02-18,MarquezProject/marquez,486
2021-02-19,MarquezProject/marquez,487
2021-02-20,MarquezProject/marquez,488
2021-02-21,MarquezProject/marquez,489
2021-02-22,MarquezProject/marquez,490
2021-02-23,MarquezProject/marquez,491
2021-02-24,MarquezProject/marquez,493
2021-02-25,MarquezProject/marquez,493
2021-02-26,MarquezProject/marquez,494
2021-02-27,MarquezProject/marquez,495
2021-02-28,MarquezProject/marquez,495
2021-03-01,MarquezProject/marquez,498
2021-03-02,MarquezProject/marquez,499
2021-03-03,MarquezProject/marquez,500
2021-03-04,MarquezProject/marquez,504
2021-03-05,MarquezProject/marquez,505
2021-03-06,MarquezProject/marquez,505
2021-03-07,MarquezProject/marquez,505
2021-03-08,MarquezProject/marquez,507
2021-03-09,MarquezProject/marquez,508
2021-03-10,MarquezProject/marquez,508
2021-03-11,MarquezProject/marquez,511
2021-03-12,MarquezProject/marquez,514
2021-03-13,MarquezProject/marquez,514
2021-03-14,MarquezProject/marquez,514
2021-03-15,MarquezProject/marquez,515
2021-03-16,MarquezProject/marquez,518
2021-03-17,MarquezProject/marquez,520
2021-03-18,MarquezProject/marquez,520
2021-03-19,MarquezProject/marquez,521
2021-03-20,MarquezProject/marquez,521
2021-03-21,MarquezProject/marquez,523
2021-03-22,MarquezProject/marquez,523
2021-03-23,MarquezProject/marquez,523
2021-03-24,MarquezProject/marquez,524
2021-03-25,MarquezProject/marquez,529
2021-03-26,MarquezProject/marquez,530
2021-03-27,MarquezProject/marquez,530
2021-03-28,MarquezProject/marquez,531
2021-03-29,MarquezProject/marquez,532
2021-03-30,MarquezProject/marquez,532
2021-03-31,MarquezProject/marquez,535
2021-04-01,MarquezProject/marquez,540
2021-04-02,MarquezProject/marquez,540
2021-04-03,MarquezProject/marquez,542
2021-04-04,MarquezProject/marquez,542
2021-04-05,MarquezProject/marquez,542
2021-04-06,MarquezProject/marquez,545
2021-04-07,MarquezProject/marquez,549
2021-04-08,MarquezProject/marquez,549
2021-04-09,MarquezProject/marquez,553
2021-04-10,MarquezProject/marquez,553
2021-04-11,MarquezProject/marquez,554
2021-04-12,MarquezProject/marquez,556
2021-04-13,MarquezProject/marquez,556
2021-04-14,MarquezProject/marquez,559
2021-04-15,MarquezProject/marquez,561
2021-04-16,MarquezProject/marquez,562
2021-04-17,MarquezProject/marquez,562
2021-04-18,MarquezProject/marquez,562
2021-04-19,MarquezProject/marquez,564
2021-04-20,MarquezProject/marquez,565
2021-04-21,MarquezProject/marquez,566
2021-04-22,MarquezProject/marquez,567
2021-04-23,MarquezProject/marquez,568
2021-04-24,MarquezProject/marquez,568
2021-04-25,MarquezProject/marquez,568
2021-04-26,MarquezProject/marquez,569
2021-04-27,MarquezProject/marquez,570
2021-04-28,MarquezProject/marquez,573
2021-04-29,MarquezProject/marquez,574
2021-04-30,MarquezProject/marquez,575
2021-05-01,MarquezProject/marquez,576
2021-05-02,MarquezProject/marquez,578
2021-05-03,MarquezProject/marquez,580
2021-05-04,MarquezProject/marquez,583
2021-05-05,MarquezProject/marquez,584
2021-05-06,MarquezProject/marquez,588
2021-05-07,MarquezProject/marquez,590
2021-05-08,MarquezProject/marquez,591
2021-05-09,MarquezProject/marquez,592
2021-05-10,MarquezProject/marquez,594
2021-05-11,MarquezProject/marquez,596
2021-05-12,MarquezProject/marquez,598
2021-05-13,MarquezProject/marquez,598
2021-05-14,MarquezProject/marquez,598
2021-05-15,MarquezProject/marquez,598
2021-05-16,MarquezProject/marquez,598
2021-05-17,MarquezProject/marquez,600
2021-05-18,MarquezProject/marquez,605
2021-05-19,MarquezProject/marquez,610
2021-05-20,MarquezProject/marquez,610
2021-05-21,MarquezProject/marquez,613
2021-05-22,MarquezProject/marquez,613
2021-05-23,MarquezProject/marquez,615
2021-05-24,MarquezProject/marquez,618
2021-05-25,MarquezProject/marquez,620
2021-05-26,MarquezProject/marquez,621
2021-05-27,MarquezProject/marquez,623
2021-05-28,MarquezProject/marquez,624
2021-05-29,MarquezProject/marquez,625
2021-05-30,MarquezProject/marquez,626
2021-05-31,MarquezProject/marquez,627
2021-06-01,MarquezProject/marquez,628
2021-06-02,MarquezProject/marquez,630
2021-06-03,MarquezProject/marquez,631
2021-06-04,MarquezProject/marquez,633
2021-06-05,MarquezProject/marquez,634
2021-06-06,MarquezProject/marquez,634
2021-06-07,MarquezProject/marquez,634
2021-06-08,MarquezProject/marquez,635
2021-06-09,MarquezProject/marquez,637
2021-06-10,MarquezProject/marquez,638
2021-06-11,MarquezProject/marquez,639
2021-06-12,MarquezProject/marquez,640
2021-06-13,MarquezProject/marquez,640
2021-06-14,MarquezProject/marquez,640
2021-06-15,MarquezProject/marquez,644
2021-06-16,MarquezProject/marquez,645
2021-06-17,MarquezProject/marquez,646
2021-06-18,MarquezProject/marquez,646
2021-06-19,MarquezProject/marquez,648
2021-06-20,MarquezProject/marquez,648
2021-06-21,MarquezProject/marquez,649
2021-06-22,MarquezProject/marquez,655
2021-06-23,MarquezProject/marquez,658
2021-06-24,MarquezProject/marquez,660
2021-06-25,MarquezProject/marquez,662
2021-06-26,MarquezProject/marquez,662
2021-06-27,MarquezProject/marquez,664
2021-06-28,MarquezProject/marquez,665
2021-06-29,MarquezProject/marquez,668
2021-06-30,MarquezProject/marquez,669
2021-07-01,MarquezProject/marquez,671
2021-07-02,MarquezProject/marquez,673
2021-07-03,MarquezProject/marquez,673
2021-07-04,MarquezProject/marquez,675
2021-07-05,MarquezProject/marquez,675
2021-07-06,MarquezProject/marquez,675
2021-07-07,MarquezProject/marquez,677
2021-07-08,MarquezProject/marquez,679
2021-07-09,MarquezProject/marquez,680
2021-07-10,MarquezProject/marquez,680
2021-07-11,MarquezProject/marquez,681
2021-07-12,MarquezProject/marquez,682
2021-07-13,MarquezProject/marquez,683
2021-07-14,MarquezProject/marquez,684
2021-07-15,MarquezProject/marquez,685
2021-07-16,MarquezProject/marquez,689
2021-07-17,MarquezProject/marquez,689
2021-07-18,MarquezProject/marquez,689
2021-07-19,MarquezProject/marquez,693
2021-07-20,MarquezProject/marquez,694
2021-07-21,MarquezProject/marquez,695
2021-07-22,MarquezProject/marquez,699
2021-07-23,MarquezProject/marquez,699
2021-07-24,MarquezProject/marquez,699
2021-07-25,MarquezProject/marquez,700
2021-07-26,MarquezProject/marquez,705
2021-07-27,MarquezProject/marquez,705
2021-07-28,MarquezProject/marquez,707
2021-07-29,MarquezProject/marquez,708
2021-07-30,MarquezProject/marquez,708
2021-07-31,MarquezProject/marquez,710
2021-08-01,MarquezProject/marquez,713
2021-08-02,MarquezProject/marquez,715
2021-08-03,MarquezProject/marquez,719
2021-08-04,MarquezProject/marquez,721
2021-08-05,MarquezProject/marquez,721
2021-08-06,MarquezProject/marquez,722
2021-08-07,MarquezProject/marquez,722
2021-08-08,MarquezProject/marquez,722
2021-08-09,MarquezProject/marquez,724
2021-08-10,MarquezProject/marquez,725
2021-08-11,MarquezProject/marquez,726
2021-08-12,MarquezProject/marquez,728
2021-08-13,MarquezProject/marquez,729
2021-08-14,MarquezProject/marquez,729
2021-08-15,MarquezProject/marquez,731
2021-08-16,MarquezProject/marquez,732
2021-08-17,MarquezProject/marquez,734
2021-08-18,MarquezProject/marquez,735
2021-08-19,MarquezProject/marquez,735
2021-08-20,MarquezProject/marquez,736
2021-08-21,MarquezProject/marquez,736
2021-08-22,MarquezProject/marquez,738
2021-08-23,MarquezProject/marquez,743
2021-08-24,MarquezProject/marquez,744
2021-08-25,MarquezProject/marquez,748
2021-08-26,MarquezProject/marquez,748
2021-08-27,MarquezProject/marquez,750
2021-08-28,MarquezProject/marquez,751
2021-08-29,MarquezProject/marquez,752
2021-08-30,MarquezProject/marquez,752
2021-08-31,MarquezProject/marquez,755
2021-09-01,MarquezProject/marquez,755
2021-09-02,MarquezProject/marquez,755
2021-09-03,MarquezProject/marquez,756
2021-09-04,MarquezProject/marquez,757
2021-09-05,MarquezProject/marquez,759
2021-11-07,MarquezProject/marquez,828
2021-11-07,OpenLineage/openlineage,553
2021-11-07,MarquezProject/marquez,827
2021-11-07,OpenLineage/openlineage,553
